Time, Centroid
0.000000, 1720.729886
0.009977, 1764.248983
0.019955, 1806.491911
0.029932, 1843.731754
0.039909, 1882.075519
0.049887, 1932.696929
0.059864, 2009.048926
0.069841, 2125.705276
0.079819, 2267.809192
0.089796, 2402.428546
0.099773, 2499.748974
0.109751, 2550.861821
0.119728, 2564.053878
0.129705, 2547.264810
0.139683, 2510.630598
0.149660, 2476.384008
0.159637, 2475.219550
0.169615, 2524.451587
0.179592, 2614.689649
0.189569, 2722.337530
0.199546, 2828.104328
0.209524, 2918.981888
0.219501, 2978.627156
0.229478, 2983.447153
0.239456, 2853.150669
0.249433, 2560.563162
0.259410, 2259.751797
0.269388, 2066.580023
0.279365, 1959.490472
0.289342, 1885.451834
0.299320, 1831.707533
0.309297, 1791.307206
0.319274, 1759.898444
0.329252, 1734.900250
0.339229, 1716.775794
0.349206, 1703.985550
0.359184, 1698.715440
0.369161, 1705.221641
0.379138, 1724.856675
0.389116, 1755.423991
0.399093, 1793.195390
0.409070, 1838.119057
0.419048, 1884.035688
0.429025, 1925.689136
0.439002, 1968.966337
0.448980, 2033.046058
0.458957, 2144.114824
0.468934, 2329.642421
0.478912, 2563.546092
0.488889, 2780.018220
0.498866, 2920.497261
0.508844, 2980.353200
0.518821, 2989.917778
0.528798, 2962.650689
0.538776, 2900.997471
0.548753, 2816.310625
0.558730, 2720.497297
0.568707, 2623.673306
0.578685, 2535.417041
0.588662, 2461.839824
0.598639, 2416.702472
0.608617, 2394.373516
0.618594, 2373.259513
0.628571, 2341.213076
0.638549, 2279.212580
0.648526, 2185.064055
0.658503, 2099.692988
0.668481, 2022.601572
0.678458, 1958.515420
0.688435, 1897.873081
0.698413, 1844.196650
0.708390, 1800.450321
0.718367, 1764.703694
0.728345, 1735.952143
0.738322, 1713.480334
0.748299, 1697.756605
0.758277, 1690.390559
0.768254, 1693.749926
0.778231, 1710.097380
0.788209, 1738.783499
0.798186, 1777.095585
0.808163, 1822.342931
0.818141, 1868.371329
0.828118, 1909.033955
0.838095, 1946.067653
0.848073, 1990.587954
0.858050, 2050.543103
0.868027, 2132.864060
0.878005, 2222.127949
0.887982, 2291.893242
0.897959, 2330.168255
0.907937, 2334.603322
0.917914, 2325.267784
0.927891, 2307.318917
0.937868, 2282.604109
0.947846, 2268.836568
0.957823, 2281.759519
0.967800, 2322.738247
0.977778, 2391.010736
0.987755, 2469.832429
0.997732, 2546.279380
1.007710, 2609.288809
1.017687, 2648.308115
1.027664, 2655.719235
1.037642, 2594.044726
1.047619, 2445.469613
1.057596, 2266.121590
1.067574, 2133.109179
1.077551, 2046.685836
1.087528, 1979.700040
1.097506, 1922.917649
1.107483, 1874.835079
1.117460, 1836.066779
1.127438, 1806.075752
1.137415, 1783.503093
1.147392, 1767.857137
1.157370, 1760.460347
1.167347, 1764.866276
1.177324, 1781.586942
1.187302, 1806.720053
1.197279, 1838.954488
1.207256, 1875.589058
1.217234, 1911.853035
1.227211, 1941.884093
1.237188, 1963.785675
1.247166, 1995.039071
1.257143, 2067.736997
1.267120, 2214.663276
1.277098, 2425.113804
1.287075, 2633.850325
1.297052, 2788.016253
1.307029, 2867.309233
1.317007, 2891.177638
1.326984, 2868.670971
1.336961, 2803.036790
1.346939, 2704.246765
1.356916, 2584.625428
1.366893, 2465.833105
1.376871, 2358.844571
1.386848, 2271.920361
1.396825, 2205.716600
1.406803, 2154.054364
1.416780, 2116.430489
1.426757, 2085.681563
1.436735, 2049.805365
1.446712, 2043.774599
1.456689, 2065.075519
1.466667, 2064.152911
1.476644, 2033.995087
1.486621, 1983.587207
1.496599, 1930.291964
1.506576, 1883.069795
1.516553, 1842.023614
1.526531, 1807.933861
1.536508, 1781.357471
1.546485, 1761.899629
1.556463, 1750.526367
1.566440, 1749.824725
1.576417, 1760.657092
1.586395, 1783.863714
1.596372, 1817.453794
1.606349, 1860.912622
1.616327, 1907.477127
1.626304, 1953.570802
1.636281, 1997.968831
1.646259, 2051.062887
1.656236, 2121.819368
1.666213, 2218.936940
1.676190, 2339.156404
1.686168, 2457.804506
1.696145, 2541.061686
1.706122, 2572.042556
1.716100, 2571.510254
1.726077, 2547.752968
1.736054, 2508.237926
1.746032, 2468.147068
1.756009, 2446.785214
1.765986, 2470.632040
1.775964, 2538.728202
1.785941, 2625.138813
1.795918, 2708.664926
1.805896, 2768.169978
1.815873, 2788.826883
1.825850, 2760.469660
1.835828, 2662.232631
1.845805, 2475.324175
1.855782, 2279.216918
1.865760, 2144.568135
1.875737, 2069.465787
1.885714, 2015.811323
1.895692, 1970.382232
1.905669, 1932.837122
1.915646, 1900.935594
1.925624, 1873.648817
1.935601, 1851.302283
1.945578, 1835.704078
1.955556, 1826.053773
1.965533, 1826.939461
1.975510, 1839.113365
1.985488, 1863.357791
1.995465, 1895.353287
2.005442, 1934.093453
2.015420, 1973.224419
2.025397, 2006.079176
2.035374, 2029.801175
2.045351, 2065.379212
2.055329, 2135.936531
2.065306, 2275.891323
2.075283, 2483.744524
2.085261, 2701.951151
2.095238, 2863.703643
2.105215, 2937.518162
2.115193, 2952.686835
2.125170, 2927.111407
2.135147, 2865.196552
2.145125, 2784.191288
2.155102, 2696.392381
2.165079, 2606.861908
2.175057, 2515.444905
2.185034, 2423.420585
2.195011, 2341.900129
2.204989, 2272.839910
2.214966, 2211.053120
2.224943, 2160.651625
2.234921, 2115.186514
2.244898, 2080.691327
2.254875, 2068.151044
2.264853, 2054.313194
2.274830, 2029.294789
2.284807, 1994.387928
2.294785, 1954.459349
2.304762, 1916.959839
2.314739, 1884.578832
2.324717, 1857.563714
2.334694, 1834.184110
2.344671, 1815.538350
2.354649, 1802.941538
2.364626, 1798.655201
2.374603, 1806.535724
2.384580, 1826.784058
2.394558, 1859.028337
2.404535, 1901.858745
2.414512, 1949.115915
2.424490, 1993.830904
2.434467, 2037.589701
2.444444, 2093.256875
2.454422, 2167.236571
2.464399, 2268.709133
2.474376, 2390.254948
2.484354, 2502.937010
2.494331, 2575.097919
2.504308, 2594.187233
2.514286, 2569.775773
2.524263, 2517.825816
2.534240, 2451.637219
2.544218, 2387.672203
2.554195, 2342.404092
2.564172, 2341.258914
2.574150, 2391.795759
2.584127, 2485.314489
2.594104, 2597.324878
2.604082, 2700.775908
2.614059, 2768.522341
2.624036, 2792.763143
2.634014, 2754.446601
2.643991, 2604.052498
2.653968, 2397.814921
2.663946, 2229.511537
2.673923, 2127.153880
2.683900, 2064.785228
2.693878, 2015.512206
2.703855, 1973.520224
2.713832, 1937.759228
2.723810, 1909.301637
2.733787, 1886.569282
2.743764, 1869.694769
2.753741, 1858.869207
2.763719, 1858.028819
2.773696, 1869.379536
2.783673, 1893.226094
2.793651, 1924.586550
2.803628, 1961.612122
2.813605, 1997.959911
2.823583, 2030.228679
2.833560, 2057.395948
2.843537, 2092.987528
2.853515, 2160.188017
2.863492, 2288.105912
2.873469, 2491.948083
2.883447, 2713.167501
2.893424, 2890.730204
2.903401, 2993.982804
2.913379, 3036.111272
2.923356, 3021.148715
2.933333, 2960.189350
2.943311, 2864.820074
2.953288, 2739.848781
2.963265, 2600.864403
2.973243, 2464.270086
2.983220, 2339.882265
2.993197, 2243.121822
3.003175, 2174.335344
3.013152, 2130.513574
3.023129, 2103.356951
3.033107, 2082.187479
3.043084, 2071.118578
3.053061, 2078.548808
3.063039, 2078.949541
3.073016, 2065.174641
3.082993, 2034.595169
3.092971, 1994.968654
3.102948, 1956.219506
3.112925, 1920.254690
3.122902, 1889.528893
3.132880, 1863.876684
3.142857, 1844.438968
3.152834, 1832.099190
3.162812, 1829.061649
3.172789, 1836.250230
3.182766, 1854.347263
3.192744, 1880.641312
3.202721, 1912.586598
3.212698, 1944.281909
3.222676, 1971.624064
3.232653, 1993.503632
3.242630, 2019.540857
3.252608, 2059.798060
3.262585, 2129.328771
3.272562, 2236.226743
3.282540, 2355.433641
3.292517, 2450.281862
3.302494, 2500.326708
3.312472, 2518.220514
3.322449, 2515.379987
3.332426, 2499.788434
3.342404, 2482.913355
3.352381, 2473.582638
3.362358, 2491.401960
3.372336, 2544.049632
3.382313, 2625.014069
3.392290, 2720.138323
3.402268, 2816.561710
3.412245, 2894.937285
3.422222, 2932.409459
3.432200, 2911.891709
3.442177, 2782.207014
3.452154, 2550.246760
3.462132, 2337.789450
3.472109, 2205.086710
3.482086, 2125.750408
3.492063, 2064.498889
3.502041, 2015.625414
3.512018, 1976.070997
3.521995, 1942.952318
3.531973, 1914.951007
3.541950, 1894.432725
3.551927, 1881.214053
3.561905, 1878.820560
3.571882, 1889.031089
3.581859, 1912.460039
3.591837, 1946.154666
3.601814, 1985.515992
3.611791, 2022.114370
3.621769, 2054.569379
3.631746, 2080.118528
3.641723, 2111.912213
3.651701, 2176.445829
3.661678, 2298.416985
3.671655, 2485.711402
3.681633, 2706.938976
3.691610, 2901.106505
3.701587, 3024.604997
3.711565, 3079.973077
3.721542, 3070.773545
3.731519, 3007.999143
3.741497, 2911.185372
3.751474, 2798.982001
3.761451, 2681.545925
3.771429, 2569.819266
3.781406, 2474.938788
3.791383, 2400.972180
3.801361, 2337.427281
3.811338, 2275.921746
3.821315, 2221.927124
3.831293, 2172.823750
3.841270, 2136.666706
3.851247, 2134.025482
3.861224, 2139.794308
3.871202, 2125.015607
3.881179, 2091.957038
3.891156, 2046.000755
3.901134, 2000.314832
3.911111, 1961.033806
3.921088, 1928.527630
3.931066, 1901.319911
3.941043, 1881.113287
3.951020, 1867.821994
3.960998, 1863.697150
3.970975, 1870.928107
3.980952, 1890.967938
3.990930, 1922.227544
4.000907, 1963.630286
4.010884, 2012.971100
4.020862, 2060.695232
4.030839, 2101.627840
4.040816, 2142.331006
4.050794, 2193.523854
4.060771, 2263.125193
4.070748, 2349.409328
4.080726, 2444.666861
4.090703, 2520.372160
4.100680, 2557.530353
4.110658, 2565.939220
4.120635, 2551.677909
4.130612, 2517.620079
4.140590, 2473.212619
4.150567, 2429.912844
4.160544, 2414.269010
4.170522, 2451.728623
4.180499, 2532.272015
4.190476, 2638.354815
4.200454, 2745.564442
4.210431, 2828.637211
4.220408, 2874.776826
4.230385, 2873.274787
4.240363, 2778.723720
4.250340, 2579.679352
4.260317, 2374.570707
4.270295, 2246.110851
4.280272, 2176.672942
4.290249, 2129.538744
4.300227, 2091.529789
4.310204, 2058.876736
4.320181, 2027.970453
4.330159, 2000.151241
4.340136, 1976.752537
4.350113, 1956.084248
4.360091, 1944.698022
4.370068, 1946.170196
4.380045, 1959.929835
4.390023, 1985.708214
4.400000, 2021.662778
4.409977, 2062.060347
4.419955, 2099.912651
4.429932, 2127.673204
4.439909, 2149.816919
4.449887, 2187.538280
4.459864, 2275.469942
4.469841, 2442.401112
4.479819, 2649.008811
4.489796, 2836.466030
4.499773, 2957.070440
4.509751, 3003.598234
4.519728, 2994.058201
4.529705, 2944.558073
4.539683, 2862.400291
4.549660, 2766.096696
4.559637, 2667.878678
4.569615, 2572.914886
4.579592, 2486.109377
4.589569, 2412.100049
4.599546, 2345.348557
4.609524, 2279.682225
4.619501, 2212.647585
4.629478, 2142.242373
4.639456, 2077.283038
4.649433, 2067.652679
4.659410, 2093.923464
4.669388, 2117.467462
4.679365, 2114.862663
4.689342, 2091.828543
4.699320, 2059.910554
4.709297, 2026.237268
4.719274, 1992.932854
4.729252, 1963.272286
4.739229, 1937.519580
4.749206, 1917.183772
4.759184, 1905.638505
4.769161, 1906.652820
4.779138, 1923.262667
4.789116, 1952.294845
4.799093, 1992.021543
4.809070, 2041.484835
4.819048, 2092.881620
4.829025, 2139.886818
4.839002, 2189.259694
4.848980, 2255.406754
4.858957, 2341.990911
4.868934, 2450.201968
4.878912, 2563.702647
4.888889, 2653.238444
4.898866, 2697.997586
4.908844, 2694.762912
4.918821, 2668.520233
4.928798, 2630.120644
4.938776, 2586.672793
4.948753, 2550.452232
4.958730, 2547.862218
4.968707, 2600.858253
4.978685, 2707.297995
4.988662, 2840.078513
4.998639, 2967.780235
5.008617, 3062.755293
5.018594, 3106.349122
5.028571, 3081.562485
5.038549, 2946.774292
5.048526, 2711.662668
5.058503, 2474.442486
5.068481, 2320.747441
5.078458, 2236.908527
5.088435, 2176.395544
5.098413, 2128.678191
5.108390, 2090.030010
5.118367, 2057.623708
5.128345, 2030.101765
5.138322, 2007.886610
5.148299, 1989.804016
5.158277, 1978.963039
5.168254, 1978.514362
5.178231, 1992.856804
5.188209, 2020.090235
5.198186, 2056.479113
5.208163, 2097.128860
5.218141, 2136.910004
5.228118, 2170.261720
5.238095, 2198.625451
5.248073, 2245.048009
5.258050, 2331.151098
5.268027, 2489.448709
5.278005, 2697.504329
5.287982, 2893.208718
5.297959, 3028.587133
5.307937, 3086.001745
5.317914, 3090.058589
5.327891, 3054.553302
5.337868, 2990.339305
5.347846, 2907.246845
5.357823, 2809.492285
5.367800, 2700.593321
5.377778, 2590.090908
5.387755, 2490.744082
5.397732, 2404.521569
5.407710, 2333.782004
5.417687, 2280.151522
5.427664, 2234.381123
5.437642, 2192.860071
5.447619, 2192.399120
5.457596, 2223.912407
5.467574, 2237.038829
5.477551, 2217.680908
5.487528, 2174.921864
5.497506, 2124.623865
5.507483, 2074.365031
5.517460, 2028.019586
5.527438, 1987.465962
5.537415, 1952.725200
5.547392, 1924.290968
5.557370, 1905.175243
5.567347, 1897.810934
5.577324, 1905.627567
5.587302, 1928.528251
5.597279, 1963.726599
5.607256, 2009.025535
5.617234, 2060.349077
5.627211, 2111.790594
5.637188, 2163.426706
5.647166, 2227.606915
5.657143, 2304.137857
5.667120, 2394.199291
5.677098, 2486.380043
5.687075, 2562.394410
5.697052, 2613.848295
5.707029, 2633.066985
5.717007, 2631.158509
5.726984, 2616.100380
5.736961, 2589.171682
5.746939, 2563.557191
5.756916, 2556.264897
5.766893, 2590.161420
5.776871, 2657.501919
5.786848, 2734.966306
5.796825, 2804.504177
5.806803, 2857.476734
5.816780, 2888.230778
5.826757, 2885.724029
5.836735, 2823.528832
5.846712, 2673.123101
5.856689, 2496.328952
5.866667, 2373.093879
5.876644, 2302.967091
5.886621, 2250.345870
5.896599, 2199.579984
5.906576, 2154.212741
5.916553, 2114.164342
5.926531, 2079.641670
5.936508, 2050.728197
5.946485, 2026.860718
5.956463, 2009.933468
5.966440, 2003.240721
5.976417, 2011.981860
5.986395, 2033.248461
5.996372, 2064.711203
6.006349, 2100.265591
6.016327, 2137.192562
6.026304, 2170.155218
6.036281, 2200.885430
6.046259, 2244.133798
6.056236, 2328.981589
6.066213, 2479.011745
6.076190, 2680.281498
6.086168, 2872.162426
6.096145, 3002.392682
6.106122, 3061.121725
6.116100, 3075.739420
6.126077, 3057.178701
6.136054, 3009.641850
6.146032, 2940.599603
6.156009, 2856.936497
6.165986, 2763.707702
6.175964, 2664.444409
6.185941, 2574.492533
6.195918, 2492.082018
6.205896, 2411.406305
6.215873, 2339.823938
6.225850, 2287.075997
6.235828, 2244.499302
6.245805, 2211.633761
6.255782, 2192.380631
6.265760, 2169.009498
6.275737, 2137.157509
6.285714, 2095.234192
6.295692, 2046.436817
6.305669, 1999.474423
6.315646, 1959.919889
6.325624, 1929.210365
6.335601, 1905.306075
6.345578, 1888.715304
6.355556, 1880.599694
6.365533, 1884.685635
6.375510, 1900.671567
6.385488, 1931.090158
6.395465, 1971.528989
6.405442, 2023.688538
6.415420, 2083.063608
6.425397, 2139.147368
6.435374, 2196.377690
6.445351, 2257.405527
6.455329, 2327.276912
6.465306, 2437.975275
6.475283, 2579.979701
6.485261, 2718.967517
6.495238, 2820.681887
6.505215, 2861.767084
6.515193, 2866.736268
6.525170, 2847.960887
6.535147, 2805.736739
6.545125, 2752.807782
6.555102, 2712.039471
6.565079, 2711.729477
6.575057, 2768.213230
6.585034, 2865.573227
6.595011, 2978.027125
6.604989, 3080.179944
6.614966, 3149.049823
6.624943, 3174.585640
6.634921, 3125.689754
6.644898, 2940.661931
6.654875, 2645.541399
6.664853, 2378.478725
6.674830, 2222.098981
6.684807, 2136.090764
6.694785, 2080.867528
6.704762, 2040.247751
6.714739, 2007.296522
6.724717, 1979.343330
6.734694, 1955.834250
6.744671, 1939.014876
6.754649, 1930.722598
6.764626, 1934.560921
6.774603, 1953.599295
6.784580, 1986.231880
6.794558, 2029.375066
6.804535, 2079.952411
6.814512, 2134.447146
6.824490, 2185.362075
6.834467, 2234.366314
6.844444, 2291.707052
6.854422, 2370.699822
6.864399, 2517.409276
6.874376, 2726.442366
6.884354, 2944.388439
6.894331, 3121.925809
6.904308, 3227.317879
6.914286, 3277.162748
6.924263, 3282.635349
6.934240, 3251.440848
6.944218, 3184.602648
6.954195, 3086.100270
6.964172, 2966.700868
6.974150, 2841.327286
6.984127, 2723.168168
6.994104, 2620.967117
7.004082, 2533.239143
7.014059, 2460.108740
7.024036, 2396.712954
7.034014, 2333.619215
7.043991, 2263.712347
7.053968, 2215.505483
7.063946, 2189.551447
7.073923, 2160.388299
7.083900, 2118.302257
7.093878, 2068.140219
7.103855, 2020.478652
7.113832, 1979.590725
7.123810, 1945.982958
7.133787, 1918.990973
7.143764, 1900.395123
7.153741, 1892.538447
7.163719, 1897.509703
7.173696, 1918.707331
7.183673, 1954.509877
7.193651, 2000.337319
7.203628, 2054.999390
7.213605, 2118.407867
7.223583, 2179.316781
7.233560, 2239.781780
7.243537, 2308.183573
7.253515, 2375.766878
7.263492, 2467.723892
7.273469, 2582.513398
7.283447, 2700.983606
7.293424, 2793.920361
7.303401, 2832.558716
7.313379, 2829.481135
7.323356, 2804.456880
7.333333, 2768.696190
7.343311, 2728.826756
7.353288, 2701.728018
7.363265, 2706.298106
7.373243, 2747.244007
7.383220, 2824.157041
7.393197, 2921.023181
7.403175, 3015.239960
7.413152, 3087.117868
7.423129, 3114.257199
7.433107, 3073.618311
7.443084, 2935.868998
7.453061, 2709.853530
7.463039, 2464.679200
7.473016, 2290.835454
7.482993, 2187.028230
7.492971, 2117.760249
7.502948, 2066.620927
7.512925, 2025.455147
7.522902, 1991.826559
7.532880, 1965.995841
7.542857, 1950.724116
7.552834, 1942.854753
7.562812, 1947.049924
7.572789, 1964.100283
7.582766, 1993.300393
7.592744, 2032.949138
7.602721, 2081.975441
7.612698, 2136.695017
7.622676, 2190.894608
7.632653, 2249.807980
7.642630, 2325.111612
7.652608, 2408.621271
7.662585, 2542.564093
7.672562, 2727.097180
7.682540, 2928.731162
7.692517, 3097.087818
7.702494, 3194.614472
7.712472, 3229.137721
7.722449, 3213.604958
7.732426, 3159.147874
7.742404, 3076.491441
7.752381, 2970.622192
7.762358, 2857.568756
7.772336, 2750.526179
7.782313, 2662.744699
7.792290, 2596.811057
7.802268, 2542.713489
7.812245, 2499.098204
7.822222, 2463.334924
7.832200, 2418.480629
7.842177, 2348.415786
7.852154, 2279.565434
7.862132, 2220.439102
7.872109, 2170.026702
7.882086, 2125.500912
7.892063, 2076.255327
7.902041, 2028.223957
7.912018, 1985.583866
7.921995, 1949.439426
7.931973, 1919.548174
7.941950, 1899.591043
7.951927, 1889.832112
7.961905, 1892.253368
7.971882, 1908.274000
7.981859, 1938.685000
7.991837, 1983.014320
8.001814, 2036.836177
8.011791, 2101.844111
8.021769, 2169.115702
8.031746, 2232.662357
8.041723, 2311.339773
8.051701, 2392.868248
8.061678, 2502.964374
8.071655, 2645.168916
8.081633, 2788.151904
8.091610, 2896.813946
8.101587, 2946.191149
8.111565, 2954.828238
8.121542, 2935.366849
8.131519, 2895.947598
8.141497, 2849.629327
8.151474, 2806.667860
8.161451, 2787.230808
8.171429, 2814.839054
8.181406, 2882.701789
8.191383, 2968.818771
8.201361, 3049.129440
8.211338, 3102.113209
8.221315, 3115.959991
8.231293, 3082.427728
8.241270, 2954.522623
8.251247, 2726.689145
8.261224, 2482.718547
8.271202, 2298.005817
8.281179, 2183.708356
8.291156, 2108.513034
8.301134, 2054.548546
8.311111, 2012.977725
8.321088, 1981.121710
8.331066, 1958.453016
8.341043, 1942.350281
8.351020, 1935.735209
8.360998, 1940.351023
8.370975, 1957.555914
8.380952, 1990.060589
8.390930, 2036.328929
8.400907, 2089.811429
8.410884, 2149.807316
8.420862, 2206.987424
8.430839, 2262.618487
8.440816, 2333.859891
8.450794, 2413.778253
8.460771, 2537.881575
8.470748, 2710.788063
8.480726, 2906.992053
8.490703, 3079.527668
8.500680, 3185.029567
8.510658, 3219.636375
8.520635, 3204.231591
8.530612, 3145.842657
8.540590, 3060.345281
8.550567, 2960.185347
8.560544, 2859.878459
8.570522, 2769.603711
8.580499, 2697.851628
8.590476, 2646.360369
8.600454, 2605.808780
8.610431, 2573.741650
8.620408, 2541.186613
8.630385, 2499.121353
8.640363, 2406.185734
8.650340, 2301.312426
8.660317, 2220.349113
8.670295, 2156.681757
8.680272, 2108.202250
8.690249, 2060.962384
8.700227, 2017.138092
8.710204, 1981.002464
8.720181, 1951.638873
8.730159, 1928.688020
8.740136, 1911.467816
8.750113, 1900.277556
8.760091, 1899.792440
8.770068, 1911.992397
8.780045, 1938.134200
8.790023, 1976.901798
8.800000, 2026.249989
8.809977, 2084.215287
8.819955, 2144.289128
8.829932, 2200.687029
8.839909, 2264.993741
8.849887, 2332.752498
8.859864, 2428.378202
8.869841, 2551.176777
8.879819, 2688.007862
8.889796, 2808.219528
8.899773, 2882.107468
8.909751, 2901.415999
8.919728, 2882.903215
8.929705, 2841.699394
8.939683, 2790.692468
8.949660, 2749.043703
8.959637, 2733.130483
8.969615, 2765.178424
8.979592, 2841.480459
8.989569, 2944.993471
8.999546, 3052.045319
9.009524, 3134.202720
9.019501, 3183.842883
9.029478, 3192.198469
9.039456, 3105.274919
9.049433, 2897.174279
9.059410, 2626.976731
9.069388, 2398.981657
9.079365, 2247.655212
9.089342, 2146.049189
9.099320, 2075.051532
9.109297, 2023.395476
9.119274, 1985.254053
9.129252, 1957.893704
9.139229, 1939.024047
9.149206, 1930.724575
9.159184, 1935.357669
9.169161, 1950.967117
9.179138, 1980.328151
9.189116, 2024.603477
9.199093, 2075.536874
9.209070, 2133.244277
9.219048, 2193.601891
9.229025, 2246.823641
9.239002, 2310.625345
9.248980, 2388.799533
9.258957, 2517.859158
9.268934, 2712.892252
9.278912, 2949.574116
9.288889, 3158.765610
9.298866, 3289.206193
9.308844, 3338.983476
9.318821, 3336.032807
9.328798, 3288.513593
9.338776, 3201.327676
9.348753, 3093.116459
9.358730, 2974.572089
9.368707, 2860.366566
9.378685, 2760.952464
9.388662, 2680.175569
9.398639, 2617.609070
9.408617, 2568.504846
9.418594, 2527.835444
9.428571, 2494.777947
9.438549, 2458.463415
9.448526, 2427.159999
9.458503, 2423.917534
9.468481, 2446.800275
9.478458, 2473.616363
9.488435, 2487.905839
9.498413, 2486.831057
9.508390, 2473.857512
9.518367, 2456.637379
9.528345, 2437.347103
9.538322, 2422.076920
9.548299, 2412.025998
9.558277, 2407.285175
9.568254, 2408.277390
9.578231, 2410.186844
9.588209, 2409.996594
9.598186, 2400.288176
9.608163, 2379.473278
9.618141, 2358.158755
9.628118, 2318.495891
9.638095, 2282.704106
9.648073, 2256.693276
9.658050, 2249.937522
9.668027, 2274.573521
9.678005, 2338.772884
9.687982, 2422.124759
9.697959, 2479.732272
9.707937, 2523.081304
9.717914, 2560.825898
9.727891, 2577.253084
9.737868, 2578.735659
9.747846, 2576.304853
9.757823, 2573.841478
9.767800, 2574.397725
9.777778, 2569.693614
9.787755, 2560.370105
9.797732, 2533.072514
9.807710, 2511.068781
9.817687, 2493.956784
9.827664, 2462.740611
9.837642, 2426.166876
9.847619, 2395.258311
9.857596, 2382.053007
9.867574, 2400.987784
9.877551, 2456.780811
9.887528, 2526.988802
9.897506, 2579.312986
9.907483, 2623.303143
9.917460, 2664.907900
9.927438, 2681.942895
9.937415, 2681.337117
9.947392, 2673.942186
9.957370, 2664.348045
9.967347, 2654.058691
9.977324, 2635.816418
9.987302, 2609.978776
9.997279, 2572.207307
10.007256, 2538.230891
10.017234, 2512.475733
10.027211, 2471.880540
10.037188, 2426.173227
10.047166, 2389.841433
10.057143, 2373.018240
10.067120, 2392.484567
10.077098, 2456.675109
10.087075, 2546.104874
10.097052, 2617.171734
10.107029, 2668.383787
10.117007, 2716.334227
10.126984, 2739.975113
10.136961, 2743.959462
10.146939, 2745.971632
10.156916, 2749.566113
10.166893, 2751.683308
10.176871, 2736.297980
10.186848, 2704.033010
10.196825, 2658.986390
10.206803, 2626.065842
10.216780, 2603.010603
10.226757, 2572.666759
10.236735, 2538.286887
10.246712, 2509.159745
10.256689, 2493.103958
10.266667, 2514.740208
10.276644, 2580.774630
10.286621, 2659.942231
10.296599, 2726.294084
10.306576, 2768.429089
10.316553, 2804.184479
10.326531, 2820.425237
10.336508, 2802.989726
10.346485, 2770.682229
10.356463, 2728.740081
10.366440, 2687.406798
10.376417, 2655.037060
10.386395, 2630.752303
10.396372, 2621.834447
10.406349, 2624.505488
10.416327, 2618.293506
10.426304, 2604.679294
10.436281, 2581.982915
10.446259, 2548.666103
10.456236, 2508.078346
10.466213, 2473.881138
10.476190, 2483.092050
10.486168, 2539.124136
10.496145, 2618.414867
10.506122, 2704.051711
10.516100, 2779.383621
10.526077, 2827.780131
10.536054, 2849.379266
10.546032, 2849.363790
10.556009, 2832.772267
10.565986, 2800.760697
10.575964, 2767.919115
10.585941, 2751.433625
10.595918, 2755.706924
10.605896, 2771.217787
10.615873, 2785.781608
10.625850, 2787.669310
10.635828, 2769.055478
10.645805, 2730.177141
10.655782, 2675.483170
10.665760, 2629.437656
10.675737, 2634.771221
10.685714, 2689.516369
10.695692, 2768.028778
10.705669, 2844.879983
10.715646, 2904.093496
10.725624, 2940.661969
10.735601, 2953.055151
10.745578, 2946.290732
10.755556, 2918.660363
10.765533, 2870.452275
10.775510, 2814.978175
10.785488, 2774.976941
10.795465, 2753.585083
10.805442, 2742.439635
10.815420, 2730.917732
10.825397, 2717.399892
10.835374, 2701.804335
10.845351, 2672.584447
10.855329, 2634.308404
10.865306, 2605.815555
10.875283, 2623.149799
10.885261, 2686.246187
10.895238, 2768.548792
10.905215, 2849.302818
10.915193, 2911.066433
10.925170, 2943.261651
10.935147, 2947.705457
10.945125, 2930.273711
10.955102, 2894.316701
10.965079, 2843.412606
10.975057, 2783.255553
10.985034, 2730.805803
10.995011, 2695.161400
11.004989, 2671.166564
11.014966, 2660.853133
11.024943, 2655.151891
11.034921, 2640.131286
11.044898, 2612.238448
11.054875, 2573.933968
11.064853, 2542.429240
11.074830, 2553.926574
11.084807, 2617.710027
11.094785, 2718.185172
11.104762, 2819.963993
11.114739, 2901.645329
11.124717, 2960.669594
11.134694, 2999.115946
11.144671, 3028.432243
11.154649, 3052.771393
11.164626, 3070.507156
11.174603, 3072.543306
11.184580, 3055.861338
11.194558, 3017.193929
11.204535, 2965.555839
11.214512, 2912.746315
11.224490, 2864.773611
11.234467, 2832.129577
11.244444, 2828.674221
11.254422, 2840.842084
11.264399, 2849.211130
11.274376, 2855.070593
11.284354, 2855.627138
11.294331, 2849.817080
11.304308, 2834.470680
11.314286, 2819.866090
11.324263, 2808.146763
11.334240, 2802.889343
11.344218, 2805.661780
11.354195, 2818.563623
11.364172, 2833.866767
11.374150, 2844.003140
11.384127, 2848.284100
11.394104, 2848.989365
11.404082, 2843.870776
11.414059, 2841.972529
11.424036, 2843.332570
11.434014, 2850.683394
11.443991, 2860.871231
11.453968, 2867.587046
11.463946, 2869.871616
11.473923, 2868.335249
11.483900, 2854.657864
11.493878, 2832.170499
11.503855, 2796.641932
11.513832, 2754.582275
11.523810, 2720.848624
11.533787, 2696.987701
11.543764, 2684.387702
11.553741, 2684.441621
11.563719, 2692.374349
11.573696, 2699.882443
11.583673, 2710.510826
11.593651, 2723.406948
11.603628, 2729.468664
11.613605, 2724.624323
11.623583, 2712.349552
11.633560, 2697.535831
11.643537, 2675.888815
11.653515, 2650.408817
11.663492, 2626.333432
11.673469, 2605.572316
11.683447, 2590.603885
11.693424, 2577.400729
11.703401, 2560.616427
11.713379, 2550.011564
11.723356, 2553.760206
11.733333, 2567.820215
11.743311, 2589.464375
11.753288, 2614.111282
11.763265, 2633.216191
11.773243, 2647.604580
11.783220, 2661.066959
11.793197, 2676.043013
11.803175, 2697.602517
11.813152, 2726.745316
11.823129, 2765.289363
11.833107, 2814.161363
11.843084, 2864.625785
11.853061, 2910.460221
11.863039, 2941.760396
11.873016, 2950.187010
11.882993, 2923.924630
11.892971, 2858.115236
11.902948, 2755.106859
11.912925, 2619.082959
11.922902, 2474.964985
11.932880, 2355.728079
11.942857, 2280.647985
11.952834, 2255.578437
11.962812, 2270.746935
11.972789, 2306.303599
11.982766, 2350.722079
11.992744, 2388.679110
12.002721, 2411.658876
12.012698, 2416.295734
12.022676, 2401.363786
12.032653, 2366.027812
12.042630, 2319.914392
12.052608, 2270.875729
12.062585, 2225.152445
12.072562, 2199.561079
12.082540, 2209.896605
12.092517, 2250.619536
12.102494, 2312.997426
12.112472, 2386.126026
12.122449, 2460.304392
12.132426, 2526.186093
12.142404, 2573.153029
12.152381, 2586.653864
12.162358, 2576.531276
12.172336, 2553.898172
12.182313, 2532.743504
12.192290, 2532.238058
12.202268, 2561.315997
12.212245, 2621.154384
12.222222, 2710.957721
12.232200, 2819.139213
12.242177, 2917.583075
12.252154, 2972.094221
12.262132, 2971.551160
12.272109, 2917.286921
12.282086, 2822.742440
12.292063, 2711.661484
12.302041, 2615.214649
12.312018, 2538.319625
12.321995, 2475.138507
12.331973, 2426.423562
12.341950, 2391.099365
12.351927, 2368.433227
12.361905, 2355.454668
12.371882, 2359.100548
12.381859, 2377.234238
12.391837, 2401.046303
12.401814, 2422.502521
12.411791, 2450.078809
12.421769, 2483.496181
12.431746, 2523.245730
12.441723, 2567.670783
12.451701, 2610.341702
12.461678, 2640.589395
12.471655, 2658.290229
12.481633, 2667.438569
12.491610, 2666.212236
12.501587, 2653.636830
12.511565, 2632.765392
12.521542, 2615.923755
12.531519, 2604.318843
12.541497, 2593.609474
12.551474, 2579.771433
12.561451, 2558.596032
12.571429, 2530.634364
12.581406, 2495.090949
12.591383, 2451.713568
12.601361, 2421.589952
12.611338, 2402.775243
12.621315, 2398.946929
12.631293, 2400.530035
12.641270, 2402.680869
12.651247, 2401.932827
12.661224, 2403.358654
12.671202, 2407.175875
12.681179, 2411.649308
12.691156, 2416.382431
12.701134, 2407.094332
12.711111, 2368.440872
12.721088, 2308.516014
12.731066, 2243.388429
12.741043, 2188.623581
12.751020, 2159.813425
12.760998, 2164.530432
12.770975, 2198.453678
12.780952, 2249.685737
12.790930, 2298.414935
12.800907, 2341.365275
12.810884, 2382.376839
12.820862, 2425.068895
12.830839, 2472.959583
12.840816, 2520.068635
12.850794, 2569.292684
12.860771, 2621.663334
12.870748, 2668.797923
12.880726, 2714.387763
12.890703, 2758.380321
12.900680, 2797.745555
12.910658, 2833.334087
12.920635, 2856.115282
12.930612, 2865.109888
12.940590, 2860.734417
12.950567, 2846.351299
12.960544, 2826.215853
12.970522, 2800.256406
12.980499, 2769.103136
12.990476, 2731.744755
13.000454, 2694.264354
13.010431, 2661.810511
13.020408, 2633.202783
13.030385, 2599.152236
13.040363, 2557.973313
13.050340, 2511.570570
13.060317, 2468.387389
13.070295, 2435.326725
13.080272, 2418.035734
13.090249, 2425.314456
13.100227, 2464.601339
13.110204, 2536.632212
13.120181, 2623.882844
13.130159, 2705.645350
13.140136, 2774.681836
13.150113, 2829.942734
13.160091, 2865.458405
13.170068, 2881.604818
13.180045, 2877.312853
13.190023, 2858.604631
13.200000, 2822.271695
13.209977, 2765.485021
13.219955, 2702.930083
13.229932, 2651.530238
13.239909, 2613.544093
13.249887, 2596.504489
13.259864, 2584.810174
13.269841, 2563.956950
13.279819, 2547.142863
13.289796, 2559.724158
13.299773, 2582.443812
13.309751, 2603.208889
13.319728, 2612.090378
13.329705, 2602.471363
13.339683, 2577.603347
13.349660, 2539.438256
13.359637, 2489.928589
13.369615, 2430.460871
13.379592, 2359.936262
13.389569, 2284.159707
13.399546, 2209.543951
13.409524, 2143.439470
13.419501, 2098.923181
13.429478, 2097.086263
13.439456, 2128.342807
13.449433, 2183.575480
13.459410, 2225.589824
13.469388, 2226.733029
13.479365, 2196.702557
13.489342, 2146.496374
13.499320, 2091.632497
13.509297, 2044.857294
13.519274, 2008.094253
13.529252, 1984.244033
13.539229, 1978.496005
13.549206, 1991.295246
13.559184, 2021.347116
13.569161, 2055.664061
13.579138, 2089.793202
13.589116, 2117.570583
13.599093, 2138.564060
13.609070, 2151.764780
13.619048, 2160.385326
13.629025, 2162.953392
13.639002, 2155.833477
13.648980, 2146.129533
13.658957, 2138.817933
13.668934, 2141.173998
13.678912, 2151.977893
13.688889, 2170.845526
13.698866, 2196.911770
13.708844, 2231.835665
13.718821, 2269.062380
13.728798, 2300.223429
13.738776, 2321.109075
13.748753, 2332.376385
13.758730, 2332.191788
13.768707, 2320.487712
13.778685, 2299.022825
13.788662, 2266.529628
13.798639, 2222.628223
13.808617, 2175.840314
13.818594, 2137.060925
13.828571, 2109.832121
13.838549, 2093.331345
13.848526, 2081.561018
13.858503, 2063.987025
13.868481, 2034.908610
13.878458, 1996.972184
13.888435, 1958.037076
13.898413, 1927.464607
13.908390, 1913.983513
13.918367, 1919.898470
13.928345, 1940.689320
13.938322, 1972.851689
13.948299, 2000.990038
13.958277, 2012.087683
13.968254, 2003.944516
13.978231, 1981.890520
13.988209, 1957.443121
13.998186, 1935.901802
14.008163, 1919.373132
14.018141, 1909.360735
14.028118, 1906.644271
14.038095, 1906.076911
14.048073, 1908.386218
14.058050, 1905.167766
14.068027, 1894.590526
14.078005, 1881.793705
14.087982, 1872.486361
14.097959, 1870.613560
14.107937, 1877.472709
14.117914, 1895.955789
14.127891, 1923.909238
14.137868, 1953.582252
14.147846, 1980.995983
14.157823, 2003.739165
14.167800, 2021.219374
14.177778, 2029.475527
14.187755, 2025.304127
14.197732, 2002.049497
14.207710, 1970.595261
14.217687, 1943.280366
14.227664, 1920.028855
14.237642, 1896.928507
14.247619, 1871.042648
14.257596, 1840.173284
14.267574, 1807.620398
14.277551, 1775.353756
14.287528, 1745.180659
14.297506, 1718.630616
14.307483, 1698.405287
14.317460, 1691.784055
14.327438, 1711.636846
14.337415, 1757.196605
14.347392, 1818.855885
14.357370, 1889.616055
14.367347, 1953.309956
14.377324, 2006.860979
14.387302, 2054.940445
14.397279, 2099.842795
14.407256, 2141.591919
14.417234, 2178.634302
14.427211, 2210.604277
14.437188, 2236.428756
14.447166, 2249.551476
14.457143, 2239.194132
14.467120, 2211.052445
14.477098, 2175.150109
14.487075, 2135.443930
14.497052, 2095.178826
14.507029, 2054.489238
14.517007, 2019.107037
14.526984, 1982.087466
14.536961, 1942.683100
14.546939, 1901.011207
14.556916, 1863.438951
14.566893, 1825.392077
14.576871, 1787.654389
14.586848, 1756.192868
14.596825, 1732.001168
14.606803, 1713.775435
14.616780, 1702.600118
14.626757, 1696.838325
14.636735, 1693.163468
14.646712, 1686.402569
14.656689, 1659.833010
14.666667, 1616.580978
14.676644, 1560.779989
14.686621, 1498.337431
14.696599, 1446.134464
14.706576, 1413.094415
14.716553, 1409.483494
14.726531, 1437.872804
14.736508, 1498.882057
14.746485, 1586.081167
14.756463, 1691.163089
14.766440, 1799.705548
14.776417, 1896.511782
14.786395, 1970.318334
14.796372, 2016.002625
14.806349, 2039.194160
14.816327, 2053.413265
14.826304, 2064.919229
14.836281, 2073.153386
14.846259, 2075.934148
14.856236, 2075.427006
14.866213, 2077.871046
14.876190, 2081.580130
14.886168, 2087.329048
14.896145, 2095.554574
14.906122, 2101.906802
14.916100, 2111.230213
14.926077, 2120.194098
14.936054, 2129.068316
14.946032, 2138.798813
14.956009, 2146.992993
14.965986, 2149.263788
14.975964, 2144.884617
14.985941, 2138.112164
14.995918, 2131.810399
15.005896, 2128.385816
15.015873, 2128.157399
15.025850, 2128.181477
15.035828, 2119.301852
15.045805, 2101.625205
15.055782, 2068.323700
15.065760, 2011.419359
15.075737, 1927.258865
15.085714, 1828.750994
15.095692, 1726.298690
15.105669, 1636.105183
15.115646, 1571.729392
15.125624, 1542.002406
15.135601, 1546.346223
15.145578, 1573.110606
15.155556, 1605.977153
15.165533, 1637.431101
15.175510, 1668.534853
15.185488, 1701.017968
15.195465, 1732.242790
15.205442, 1764.039456
15.215420, 1795.154631
15.225397, 1826.211605
15.235374, 1856.731942
15.245351, 1881.123079
15.255329, 1888.888589
15.265306, 1879.502654
15.275283, 1859.227613
15.285261, 1841.583683
15.295238, 1829.549816
15.305215, 1826.783129
15.315193, 1831.524150
15.325170, 1838.674888
15.335147, 1846.353846
15.345125, 1859.175300
15.355102, 1879.590004
15.365079, 1902.535424
15.375057, 1925.323709
15.385034, 1945.062958
15.395011, 1956.785378
15.404989, 1961.965479
15.414966, 1959.226465
15.424943, 1953.041284
15.434921, 1942.130178
15.444898, 1926.187752
15.454875, 1898.573915
15.464853, 1857.075490
15.474830, 1804.198662
15.484807, 1746.816023
15.494785, 1687.577332
15.504762, 1632.146730
15.514739, 1594.959083
15.524717, 1588.678510
15.534694, 1627.069087
15.544671, 1722.852215
15.554649, 1877.649805
15.564626, 2065.269542
15.574603, 2228.992308
15.584580, 2319.223933
15.594558, 2318.915655
15.604535, 2253.018673
15.614512, 2173.854950
15.624490, 2101.720346
15.634467, 2035.535130
15.644444, 1974.911116
15.654422, 1917.192168
15.664399, 1858.572114
15.674376, 1799.843340
15.684354, 1745.944939
15.694331, 1702.018560
15.704308, 1674.686379
15.714286, 1668.268444
15.724263, 1686.066117
15.734240, 1720.802817
15.744218, 1769.080197
15.754195, 1822.492106
15.764172, 1872.584868
15.774150, 1919.721463
15.784127, 1963.190658
15.794104, 1998.342118
15.804082, 2021.978086
15.814059, 2044.177290
15.824036, 2071.676290
15.834014, 2099.065038
15.843991, 2122.322488
15.853968, 2132.021931
15.863946, 2115.928069
15.873923, 2076.909690
15.883900, 2028.759289
15.893878, 1981.608689
15.903855, 1943.289697
15.913832, 1918.150703
15.923810, 1907.904485
15.933787, 1912.042876
15.943764, 1929.490925
15.953741, 1962.407984
15.963719, 2005.685034
15.973696, 2053.574588
15.983673, 2093.332050
15.993651, 2117.707243
16.003628, 2126.608810
16.013605, 2122.869525
16.023583, 2118.234667
16.033560, 2119.046242
16.043537, 2123.878389
16.053515, 2134.766384
16.063492, 2151.666773
16.073469, 2168.306363
16.083447, 2181.578089
16.093424, 2192.395373
16.103401, 2198.998512
16.113379, 2202.032245
16.123356, 2205.304448
16.133333, 2211.300714
16.143311, 2221.129353
16.153288, 2236.377291
16.163265, 2259.122233
16.173243, 2286.201118
16.183220, 2315.841911
16.193197, 2338.853964
16.203175, 2359.639597
16.213152, 2376.714915
16.223129, 2387.758452
16.233107, 2393.931604
16.243084, 2397.453591
16.253061, 2384.081066
16.263039, 2343.465551
16.273016, 2285.532627
16.282993, 2219.932386
16.292971, 2157.273074
16.302948, 2105.844327
16.312925, 2067.964810
16.322902, 2044.272142
16.332880, 2025.736614
16.342857, 2003.426685
16.352834, 1981.517175
16.362812, 1966.953966
16.372789, 1953.325747
16.382766, 1940.939405
16.392744, 1932.573322
16.402721, 1937.427621
16.412698, 1954.506644
16.422676, 1974.288017
16.432653, 1997.278649
16.442630, 2019.803308
16.452608, 2031.873516
16.462585, 2030.895494
16.472562, 2016.146136
16.482540, 1992.127120
16.492517, 1971.992863
16.502494, 1961.301547
16.512472, 1958.854626
16.522449, 1964.042037
16.532426, 1980.125892
16.542404, 2004.932631
16.552381, 2031.626700
16.562358, 2064.122698
16.572336, 2102.568765
16.582313, 2135.617729
16.592290, 2154.311892
16.602268, 2154.066304
16.612245, 2138.889261
16.622222, 2126.111363
16.632200, 2117.688636
16.642177, 2112.015374
16.652154, 2105.203088
16.662132, 2092.869941
16.672109, 2074.406896
16.682086, 2044.915494
16.692063, 2009.054974
16.702041, 1975.855227
16.712018, 1946.834224
16.721995, 1928.703359
16.731973, 1931.389769
16.741950, 1963.660760
16.751927, 2017.592655
16.761905, 2082.023672
16.771882, 2146.479652
16.781859, 2203.314321
16.791837, 2249.166646
16.801814, 2284.860258
16.811791, 2310.046222
16.821769, 2327.105150
16.831746, 2343.643245
16.841723, 2360.617977
16.851701, 2371.577293
16.861678, 2359.987957
16.871655, 2326.666856
16.881633, 2284.103404
16.891610, 2238.974928
16.901587, 2195.059732
16.911565, 2155.384789
16.921542, 2117.269416
16.931519, 2071.936862
16.941497, 2027.805426
16.951474, 1986.951100
16.961451, 1950.893899
16.971429, 1919.425398
16.981406, 1891.285246
16.991383, 1867.511613
17.001361, 1850.581509
17.011338, 1839.314208
17.021315, 1830.175541
17.031293, 1823.282081
17.041270, 1813.178282
17.051247, 1796.901252
17.061224, 1772.731995
17.071202, 1740.069661
17.081179, 1699.597241
17.091156, 1657.124231
17.101134, 1622.613973
17.111111, 1607.019936
17.121088, 1618.546736
17.131066, 1654.698908
17.141043, 1717.341686
17.151020, 1799.678717
17.160998, 1887.172149
17.170975, 1968.495776
17.180952, 2033.720460
17.190930, 2085.303801
17.200907, 2120.784131
17.210884, 2144.520555
17.220862, 2165.952883
17.230839, 2191.459100
17.240816, 2219.641746
17.250794, 2239.053951
17.260771, 2236.042311
17.270748, 2210.293852
17.280726, 2173.240107
17.290703, 2128.913204
17.300680, 2080.581565
17.310658, 2036.542625
17.320635, 1997.928144
17.330612, 1963.334110
17.340590, 1937.461922
17.350567, 1916.183502
17.360544, 1905.317391
17.370522, 1899.966379
17.380499, 1893.962420
17.390476, 1888.227654
17.400454, 1877.812549
17.410431, 1866.327249
17.420408, 1853.614626
17.430385, 1839.026259
17.440363, 1817.205503
17.450340, 1780.395919
17.460317, 1727.435084
17.470295, 1660.331508
17.480272, 1585.496231
17.490249, 1513.957404
17.500227, 1459.634437
17.510204, 1428.694595
17.520181, 1431.219661
17.530159, 1475.910755
17.540136, 1557.803147
17.550113, 1665.500938
17.560091, 1777.799437
17.570068, 1883.818343
17.580045, 1971.194084
17.590023, 2037.057271
17.600000, 2083.205424
17.609977, 2112.888183
17.619955, 2133.301077
17.629932, 2153.592645
17.639909, 2170.376679
17.649887, 2176.405239
17.659864, 2159.929236
17.669841, 2127.729178
17.679819, 2086.888013
17.689796, 2043.839184
17.699773, 2001.904366
17.709751, 1963.443433
17.719728, 1929.303583
17.729705, 1900.410896
17.739683, 1874.738512
17.749660, 1850.438227
17.759637, 1828.603477
17.769615, 1811.277981
17.779592, 1797.575158
17.789569, 1786.678034
17.799546, 1779.895506
17.809524, 1777.794562
17.819501, 1776.474977
17.829478, 1773.936390
17.839456, 1764.974756
17.849433, 1746.078697
17.859410, 1710.905468
17.869388, 1656.902473
17.879365, 1592.385270
17.889342, 1528.749919
17.899320, 1478.518774
17.909297, 1452.239995
17.919274, 1459.015524
17.929252, 1497.169649
17.939229, 1565.266895
17.949206, 1655.626841
17.959184, 1757.083047
17.969161, 1857.674671
17.979138, 1944.191253
17.989116, 2014.026135
17.999093, 2063.449750
18.009070, 2094.301886
18.019048, 2113.207383
18.029025, 2130.190787
18.039002, 2143.569959
18.048980, 2148.940520
18.058957, 2150.859845
18.068934, 2152.133358
18.078912, 2163.399649
18.088889, 2179.738971
18.098866, 2199.076406
18.108844, 2220.625024
18.118821, 2237.105074
18.128798, 2253.073030
18.138776, 2269.318880
18.148753, 2284.795933
18.158730, 2299.426622
18.168707, 2310.743879
18.178685, 2326.862833
18.188662, 2349.181655
18.198639, 2378.503831
18.208617, 2416.455449
18.218594, 2461.600981
18.228571, 2510.966674
18.238549, 2560.842542
18.248526, 2564.287426
18.258503, 2497.769073
18.268481, 2375.829502
18.278458, 2213.092149
18.288435, 2034.760335
18.298413, 1866.814110
18.308390, 1731.114391
18.318367, 1656.250050
18.328345, 1674.113981
18.338322, 1792.391095
18.348299, 1986.446009
18.358277, 2227.418437
18.368254, 2491.249348
18.378231, 2767.199815
18.388209, 3032.830075
18.398186, 3271.857447
18.408163, 3471.083487
18.418141, 3634.361151
18.428118, 3728.796277
18.438095, 3716.809936
18.448073, 3609.361008
18.458050, 3426.202849
18.468027, 3197.575001
18.478005, 2965.289866
18.487982, 2764.147413
18.497959, 2611.367320
18.507937, 2511.770702
18.517914, 2458.160740
18.527891, 2440.305613
18.537868, 2440.993627
18.547846, 2448.149773
18.557823, 2450.365358
18.567800, 2443.558047
18.577778, 2427.629038
18.587755, 2407.637096
18.597732, 2387.804503
18.607710, 2370.436890
18.617687, 2359.710179
18.627664, 2356.592145
18.637642, 2346.229447
18.647619, 2275.087898
18.657596, 2117.024786
18.667574, 1890.758125
18.677551, 1651.220626
18.687528, 1433.274559
18.697506, 1259.656616
18.707483, 1128.319206
18.717460, 1037.359316
18.727438, 978.770472
18.737415, 943.334238
18.747392, 927.027052
18.757370, 923.829686
18.767347, 927.595461
18.777324, 941.760763
18.787302, 967.263997
18.797279, 1004.558978
18.807256, 1054.410763
18.817234, 1121.334835
18.827211, 1221.025624
18.837188, 1340.915023
18.847166, 1432.579430
18.857143, 1471.575819
18.867120, 1465.787841
18.877098, 1428.831266
18.887075, 1395.906351
18.897052, 1378.887864
18.907029, 1392.909507
18.917007, 1445.279651
18.926984, 1528.879201
18.936961, 1637.277523
18.946939, 1763.585021
18.956916, 1899.482391
18.966893, 2032.144645
18.976871, 2148.862398
18.986848, 2237.860646
18.996825, 2281.810399
19.006803, 2252.936784
19.016780, 2154.449715
19.026757, 2052.757790
19.036735, 1941.636807
19.046712, 1747.659714
19.056689, 1524.532179
19.066667, 1340.920459
19.076644, 1204.955711
19.086621, 1105.951227
19.096599, 1033.549735
19.106576, 976.796310
19.116553, 933.064208
19.126531, 902.887500
19.136508, 888.959146
19.146485, 896.050711
19.156463, 931.106210
19.166440, 998.767941
19.176417, 1108.254744
19.186395, 1255.858257
19.196372, 1425.452599
19.206349, 1606.330668
19.216327, 1797.368390
19.226304, 1997.973706
19.236281, 2198.438165
19.246259, 2395.573202
19.256236, 2579.497809
19.266213, 2738.241730
19.276190, 2876.255116
19.286168, 2996.951173
19.296145, 3094.931656
19.306122, 3171.518956
19.316100, 3229.948445
19.326077, 3274.876797
19.336054, 3311.944692
19.346032, 3347.094265
19.356009, 3384.124545
19.365986, 3414.691413
19.375964, 3423.915500
19.385941, 3422.525643
19.395918, 3416.394236
19.405896, 3407.360367
19.415873, 3391.902810
19.425850, 3367.126504
19.435828, 3332.154562
19.445805, 3287.967057
19.455782, 3235.189587
19.465760, 3181.581027
19.475737, 3128.649540
19.485714, 3065.738956
19.495692, 2988.765641
19.505669, 2921.545355
19.515646, 2870.113852
19.525624, 2829.886280
19.535601, 2796.655526
19.545578, 2775.201151
19.555556, 2765.485626
19.565533, 2762.541894
19.575510, 2749.823389
19.585488, 2723.809356
19.595465, 2700.930226
19.605442, 2682.247438
19.615420, 2665.093277
19.625397, 2650.693788
19.635374, 2631.264185
19.645351, 2612.331088
19.655329, 2599.474196
19.665306, 2590.228135
19.675283, 2586.209920
19.685261, 2591.145430
19.695238, 2602.439394
19.705215, 2617.123741
19.715193, 2628.021253
19.725170, 2638.768006
19.735147, 2646.987825
19.745125, 2651.324377
19.755102, 2648.659137
19.765079, 2643.079435
19.775057, 2646.296943
19.785034, 2658.834935
19.795011, 2688.241814
19.804989, 2727.343264
19.814966, 2782.901882
19.824943, 2855.489484
19.834921, 2930.364217
19.844898, 2978.284195
19.854875, 2962.553830
19.864853, 2866.319906
19.874830, 2720.322052
19.884807, 2557.688653
19.894785, 2399.634501
19.904762, 2252.442135
19.914739, 2142.698020
19.924717, 2091.201015
19.934694, 2108.958578
19.944671, 2203.627595
19.954649, 2362.864266
19.964626, 2563.275294
19.974603, 2786.608873
19.984580, 3005.488778
19.994558, 3206.012126
20.004535, 3373.174859
20.014512, 3498.699546
20.024490, 3566.752053
20.034467, 3519.108513
20.044444, 3391.630201
20.054422, 3225.766931
20.064399, 3045.769390
20.074376, 2880.700869
20.084354, 2759.362732
20.094331, 2686.173027
20.104308, 2652.419263
20.114286, 2643.789874
20.124263, 2642.584172
20.134240, 2636.863304
20.144218, 2620.809579
20.154195, 2583.754249
20.164172, 2525.444295
20.174150, 2460.959401
20.184127, 2400.759391
20.194104, 2349.642978
20.204082, 2304.613003
20.214059, 2266.697054
20.224036, 2233.268129
20.234014, 2204.312915
20.243991, 2185.919371
20.253968, 2193.540960
20.263946, 2260.105628
20.273923, 2414.443489
20.283900, 2641.998094
20.293878, 2899.688325
20.303855, 3146.874099
20.313832, 3360.627036
20.323810, 3521.378034
20.333787, 3621.177270
20.343764, 3660.126496
20.353741, 3648.260005
20.363719, 3589.977769
20.373696, 3497.340368
20.383673, 3392.221413
20.393651, 3289.796661
20.403628, 3194.564564
20.413605, 3108.926573
20.423583, 3037.316790
20.433560, 2967.194570
20.443537, 2897.721194
20.453515, 2825.176810
20.463492, 2736.371241
20.473469, 2635.147258
20.483447, 2537.636578
20.493424, 2454.289913
20.503401, 2389.631813
20.513379, 2346.483414
20.523356, 2318.938260
20.533333, 2296.189850
20.543311, 2271.127513
20.553288, 2241.015260
20.563265, 2209.575226
20.573243, 2185.117459
20.583220, 2172.723543
20.593197, 2168.820742
20.603175, 2159.636657
20.613152, 2150.133754
20.623129, 2152.158129
20.633107, 2158.607469
20.643084, 2154.091644
20.653061, 2129.581044
20.663039, 2068.858520
20.673016, 1972.322342
20.682993, 1863.613791
20.692971, 1763.492721
20.702948, 1669.708912
20.712925, 1580.379229
20.722902, 1500.006105
20.732880, 1435.595794
20.742857, 1395.130229
20.752834, 1387.007413
20.762812, 1411.474569
20.772789, 1479.076296
20.782766, 1587.094092
20.792744, 1721.856659
20.802721, 1872.155769
20.812698, 2023.632077
20.822676, 2171.565395
20.832653, 2306.072791
20.842630, 2400.023352
20.852608, 2449.392359
20.862585, 2474.222804
20.872562, 2494.878050
20.882540, 2516.447510
20.892517, 2544.064336
20.902494, 2576.272208
20.912472, 2613.149152
20.922449, 2644.860103
20.932426, 2664.809522
20.942404, 2675.555977
20.952381, 2673.566945
20.962358, 2657.016915
20.972336, 2633.430814
20.982313, 2613.553932
20.992290, 2600.351203
21.002268, 2588.797946
21.012245, 2580.705353
21.022222, 2567.403702
21.032200, 2545.345332
21.042177, 2521.318332
21.052154, 2503.743518
21.062132, 2518.313129
21.072109, 2596.110878
21.082086, 2745.507752
21.092063, 2947.109908
21.102041, 3153.174872
21.112018, 3326.536162
21.121995, 3454.848098
21.131973, 3524.584563
21.141950, 3538.133639
21.151927, 3511.441078
21.161905, 3458.543616
21.171882, 3384.691761
21.181859, 3288.468985
21.191837, 3183.435783
21.201814, 3084.781852
21.211791, 2996.250764
21.221769, 2920.808750
21.231746, 2850.564143
21.241723, 2782.385313
21.251701, 2713.455058
21.261678, 2638.387061
21.271655, 2560.813746
21.281633, 2488.305954
21.291610, 2430.195669
21.301587, 2387.590266
21.311565, 2357.530509
21.321542, 2335.649929
21.331519, 2320.506634
21.341497, 2306.919876
21.351474, 2294.762363
21.361451, 2283.840965
21.371429, 2270.695133
21.381406, 2250.978596
21.391383, 2228.714174
21.401361, 2205.733407
21.411338, 2179.943979
21.421315, 2162.888812
21.431293, 2152.041588
21.441270, 2143.030973
21.451247, 2114.388325
21.461224, 2054.365321
21.471202, 1969.230405
21.481179, 1881.421871
21.491156, 1797.430158
21.501134, 1724.335656
21.511111, 1683.559575
21.521088, 1701.651614
21.531066, 1788.842694
21.541043, 1941.926236
21.551020, 2152.642880
21.560998, 2394.220503
21.570975, 2654.652048
21.580952, 2916.288010
21.590930, 3163.504161
21.600907, 3382.854831
21.610884, 3563.038108
21.620862, 3704.202370
21.630839, 3765.976366
21.640816, 3712.128644
21.650794, 3565.950323
21.660771, 3373.216677
21.670748, 3162.590988
21.680726, 2987.738800
21.690703, 2874.495736
21.700680, 2817.762625
21.710658, 2804.590444
21.720635, 2813.584251
21.730612, 2827.173296
21.740590, 2827.411922
21.750567, 2794.065842
21.760544, 2724.732992
21.770522, 2635.093139
21.780499, 2537.825022
21.790476, 2452.382567
21.800454, 2387.691899
21.810431, 2346.891015
21.820408, 2324.780333
21.830385, 2314.925815
21.840363, 2312.721433
21.850340, 2327.941507
21.860317, 2396.790532
21.870295, 2564.162251
21.880272, 2817.460852
21.890249, 3092.683909
21.900227, 3349.398274
21.910204, 3555.833711
21.920181, 3686.763457
21.930159, 3738.756785
21.940136, 3722.023960
21.950113, 3651.921829
21.960091, 3551.572776
21.970068, 3437.633525
21.980045, 3322.527145
21.990023, 3215.423287
22.000000, 3121.885136
22.009977, 3040.454373
22.019955, 2972.115061
22.029932, 2908.374048
22.039909, 2842.078680
22.049887, 2741.004841
22.059864, 2581.445109
22.069841, 2386.339056
22.079819, 2177.981309
22.089796, 1978.621216
22.099773, 1795.920577
22.109751, 1632.915493
22.119728, 1486.907477
22.129705, 1359.329163
22.139683, 1254.095141
22.149660, 1174.710305
22.159637, 1118.157343
22.169615, 1099.334607
22.179592, 1120.801777
22.189569, 1180.595415
22.199546, 1268.359289
22.209524, 1378.571719
22.219501, 1501.496869
22.229478, 1626.209728
22.239456, 1743.757653
22.249433, 1821.607094
22.259410, 1854.731640
22.269388, 1852.059007
22.279365, 1822.743119
22.289342, 1775.354239
22.299320, 1712.927542
22.309297, 1642.423225
22.319274, 1567.730376
22.329252, 1497.928904
22.339229, 1442.647554
22.349206, 1408.469112
22.359184, 1396.953389
22.369161, 1414.577581
22.379138, 1468.057601
22.389116, 1556.335557
22.399093, 1674.719049
22.409070, 1811.669741
22.419048, 1959.897924
22.429025, 2094.442054
22.439002, 2186.230713
22.448980, 2252.882355
22.458957, 2306.541875
22.468934, 2357.744281
22.478912, 2412.271806
22.488889, 2466.904014
22.498866, 2512.387263
22.508844, 2545.661875
22.518821, 2565.399688
22.528798, 2575.886592
22.538776, 2578.792646
22.548753, 2572.623029
22.558730, 2557.291089
22.568707, 2535.600049
22.578685, 2515.239653
22.588662, 2503.338762
22.598639, 2499.122832
22.608617, 2494.705356
22.618594, 2477.930650
22.628571, 2457.458625
22.638549, 2441.578349
22.648526, 2440.817907
22.658503, 2474.822479
22.668481, 2569.011177
22.678458, 2723.507979
22.688435, 2923.506732
22.698413, 3145.162033
22.708390, 3362.132365
22.718367, 3548.152395
22.728345, 3701.104008
22.738322, 3814.427295
22.748299, 3875.096410
22.758277, 3907.236329
22.768254, 3912.050247
22.778231, 3885.720891
22.788209, 3836.716822
22.798186, 3773.951438
22.808163, 3704.419135
22.818141, 3632.521630
22.828118, 3567.674054
22.838095, 3511.120564
22.848073, 3458.756937
22.858050, 3412.307476
22.868027, 3369.553232
22.878005, 3328.086742
22.887982, 3294.101643
22.897959, 3259.996988
22.907937, 3211.866816
22.917914, 3143.046177
22.927891, 3059.166127
22.937868, 2957.156298
22.947846, 2842.483017
22.957823, 2725.881159
22.967800, 2614.220163
22.977778, 2515.977264
22.987755, 2438.130673
22.997732, 2378.000462
23.007710, 2331.929163
23.017687, 2296.368393
23.027664, 2270.842810
23.037642, 2245.495313
23.047619, 2168.516494
23.057596, 2029.913423
23.067574, 1882.837927
23.077551, 1749.041674
23.087528, 1644.512466
23.097506, 1571.435465
23.107483, 1541.701462
23.117460, 1569.617187
23.127438, 1657.711463
23.137415, 1808.603931
23.147392, 2012.940549
23.157370, 2252.833457
23.167347, 2503.487541
23.177324, 2757.953913
23.187302, 2996.825156
23.197279, 3206.464981
23.207256, 3376.459119
23.217234, 3512.895987
23.227211, 3605.432675
23.237188, 3607.806737
23.247166, 3518.976511
23.257143, 3374.833080
23.267120, 3213.869646
23.277098, 3067.464587
23.287075, 2952.568677
23.297052, 2888.674294
23.307029, 2863.614790
23.317007, 2864.558009
23.326984, 2872.559759
23.336961, 2882.484984
23.346939, 2882.021877
23.356916, 2857.344571
23.366893, 2814.441106
23.376871, 2765.026003
23.386848, 2721.461782
23.396825, 2687.494926
23.406803, 2661.413970
23.416780, 2641.514457
23.426757, 2620.204069
23.436735, 2599.620534
23.446712, 2580.723508
23.456689, 2565.300152
23.466667, 2562.341567
23.476644, 2594.301836
23.486621, 2660.705002
23.496599, 2746.415394
23.506576, 2838.445765
23.516553, 2925.531564
23.526531, 2998.024090
23.536508, 3059.206192
23.546485, 3098.744787
23.556463, 3107.296111
23.566440, 3094.137226
23.576417, 3060.756410
23.586395, 3008.649788
23.596372, 2940.865588
23.606349, 2869.450521
23.616327, 2807.945466
23.626304, 2755.039671
23.636281, 2711.176556
23.646259, 2663.795579
23.656236, 2609.750681
23.666213, 2546.253037
23.676190, 2475.457698
23.686168, 2414.835698
23.696145, 2371.669239
23.706122, 2341.849878
23.716100, 2324.556875
23.726077, 2314.986866
23.736054, 2305.100911
23.746032, 2290.839273
23.756009, 2274.489544
23.765986, 2259.656709
23.775964, 2248.445265
23.785941, 2243.403191
23.795918, 2238.720406
23.805896, 2224.260319
23.815873, 2200.417317
23.825850, 2172.213689
23.835828, 2135.294778
23.845805, 2057.055891
23.855782, 1914.171404
23.865760, 1737.462645
23.875737, 1594.240820
23.885714, 1493.350963
23.895692, 1415.975474
23.905669, 1355.801889
23.915646, 1308.340008
23.925624, 1269.068360
23.935601, 1238.811833
23.945578, 1219.646555
23.955556, 1213.987949
23.965533, 1220.927874
23.975510, 1250.397964
23.985488, 1307.439866
23.995465, 1398.086911
24.005442, 1519.209312
24.015420, 1663.793451
24.025397, 1824.702905
24.035374, 1969.457381
24.045351, 2085.734053
24.055329, 2193.095275
24.065306, 2292.871876
24.075283, 2378.717742
24.085261, 2450.847780
24.095238, 2511.202456
24.105215, 2555.132313
24.115193, 2584.220411
24.125170, 2598.872883
24.135147, 2602.158904
24.145125, 2594.076145
24.155102, 2573.846625
24.165079, 2543.157148
24.175057, 2509.278510
24.185034, 2480.388672
24.195011, 2459.928305
24.204989, 2443.537396
24.214966, 2435.638624
24.224943, 2435.551037
24.234921, 2440.437261
24.244898, 2448.927138
24.254875, 2459.023139
24.264853, 2489.087657
24.274830, 2558.349742
24.284807, 2666.411107
24.294785, 2789.975202
24.304762, 2910.924561
24.314739, 3020.261022
24.324717, 3108.288573
24.334694, 3173.016267
24.344671, 3215.762343
24.354649, 3237.826430
24.364626, 3233.672794
24.374603, 3202.959677
24.384580, 3154.508938
24.394558, 3093.670307
24.404535, 3026.504122
24.414512, 2954.105947
24.424490, 2887.560057
24.434467, 2832.729470
24.444444, 2778.512204
24.454422, 2706.404622
24.464399, 2633.229722
24.474376, 2567.432143
24.484354, 2507.993881
24.494331, 2457.090795
24.504308, 2417.649968
24.514286, 2391.385339
24.524263, 2373.869184
24.534240, 2362.512856
24.544218, 2356.208845
24.554195, 2347.836947
24.564172, 2331.741452
24.574150, 2320.310197
24.584127, 2312.681074
24.594104, 2307.199521
24.604082, 2304.036766
24.614059, 2300.870325
24.624036, 2295.413897
24.634014, 2280.830669
24.643991, 2256.174375
24.653968, 2196.961180
24.663946, 2099.245882
24.673923, 1977.874935
24.683900, 1849.689137
24.693878, 1725.707763
24.703855, 1623.857167
24.713832, 1575.917278
24.723810, 1603.743479
24.733787, 1710.055570
24.743764, 1885.422111
24.753741, 2110.853962
24.763719, 2360.331152
24.773696, 2617.666931
24.783673, 2861.542712
24.793651, 3086.178013
24.803628, 3280.407695
24.813605, 3433.239840
24.823583, 3546.293186
24.833560, 3593.558743
24.843537, 3566.543559
24.853515, 3475.273076
24.863492, 3343.843558
24.873469, 3185.352560
24.883447, 3022.551831
24.893424, 2879.355661
24.903401, 2758.387927
24.913379, 2669.662915
24.923356, 2610.283519
24.933333, 2582.466754
24.943311, 2576.041820
24.953288, 2578.207898
24.963265, 2577.894336
24.973243, 2574.947557
24.983220, 2564.987571
24.993197, 2545.164276
25.003175, 2522.268248
25.013152, 2502.734296
25.023129, 2483.717380
25.033107, 2456.710670
25.043084, 2356.687125
25.053061, 2178.504655
25.063039, 1962.932587
25.073016, 1768.745887
25.082993, 1619.497784
25.092971, 1503.595015
25.102948, 1402.533996
25.112925, 1313.885405
25.122902, 1239.607101
25.132880, 1180.291535
25.142857, 1135.572130
25.152834, 1105.005266
25.162812, 1087.963209
25.172789, 1098.448418
25.182766, 1141.152140
25.192744, 1217.327362
25.202721, 1317.977838
25.212698, 1430.501123
25.222676, 1542.482056
25.232653, 1623.376691
25.242630, 1666.710961
25.252608, 1665.407949
25.262585, 1632.397670
25.272562, 1574.529773
25.282540, 1494.342097
25.292517, 1436.485838
25.302494, 1422.209588
25.312472, 1442.480375
25.322449, 1487.433104
25.332426, 1548.839609
25.342404, 1617.678785
25.352381, 1689.587448
25.362358, 1763.440217
25.372336, 1836.012159
25.382313, 1904.915183
25.392290, 1954.707942
25.402268, 1972.085827
25.412245, 1964.682221
25.422222, 1940.179599
25.432200, 1895.938259
25.442177, 1835.009513
25.452154, 1762.831582
25.462132, 1687.889694
25.472109, 1618.829602
25.482086, 1564.443992
25.492063, 1530.650450
25.502041, 1512.219781
25.512018, 1504.961604
25.521995, 1509.750845
25.531973, 1532.329500
25.541950, 1587.927441
25.551927, 1706.841679
25.561905, 1931.471428
25.571882, 2298.551134
25.581859, 2788.649065
25.591837, 3269.170052
25.601814, 3564.290457
25.611791, 3639.833393
25.621769, 3532.180333
25.631746, 3397.306378
25.641723, 3275.905866
25.651701, 3177.234579
25.661678, 3099.215215
25.671655, 3042.699208
25.681633, 3001.675706
25.691610, 2968.118355
25.701587, 2931.864774
25.711565, 2894.860638
25.721542, 2860.405853
25.731519, 2831.677085
25.741497, 2806.812735
25.751474, 2781.757235
25.761451, 2754.947168
25.771429, 2733.013807
25.781406, 2709.122844
25.791383, 2673.264722
25.801361, 2629.036099
25.811338, 2580.753868
25.821315, 2540.013050
25.831293, 2498.120920
25.841270, 2461.608963
25.851247, 2429.652227
25.861224, 2402.627492
25.871202, 2384.206113
25.881179, 2369.855607
25.891156, 2369.585489
25.901134, 2395.297102
25.911111, 2449.244101
25.921088, 2526.624485
25.931066, 2617.615839
25.941043, 2712.914546
25.951020, 2796.138724
25.960998, 2855.211916
25.970975, 2892.432962
25.980952, 2903.677576
25.990930, 2883.641396
26.000907, 2831.309920
26.010884, 2747.375046
26.020862, 2648.809542
26.030839, 2561.083041
26.040816, 2498.929088
26.050794, 2466.736902
26.060771, 2456.515889
26.070748, 2449.435394
26.080726, 2454.100181
26.090703, 2492.615876
26.100680, 2555.072131
26.110658, 2627.413329
26.120635, 2687.208631
26.130612, 2734.432950
26.140590, 2767.918330
26.150567, 2783.228979
26.160544, 2770.949005
26.170522, 2733.885796
26.180499, 2675.033962
26.190476, 2589.821028
26.200454, 2484.664056
26.210431, 2373.129282
26.220408, 2274.077210
26.230385, 2216.546438
26.240363, 2180.464988
26.250340, 2123.903315
26.260317, 2041.130532
26.270295, 1942.999856
26.280272, 1844.935546
26.290249, 1756.096983
26.300227, 1686.938651
26.310204, 1660.654043
26.320181, 1695.561758
26.330159, 1789.592517
26.340136, 1938.474208
26.350113, 2133.166457
26.360091, 2349.093428
26.370068, 2575.497223
26.380045, 2791.308347
26.390023, 2985.657409
26.400000, 3152.024192
26.409977, 3282.965669
26.419955, 3366.522670
26.429932, 3371.763500
26.439909, 3281.588906
26.449887, 3134.657119
26.459864, 2963.664775
26.469841, 2798.462477
26.479819, 2667.783991
26.489796, 2583.453270
26.499773, 2546.006215
26.509751, 2544.538603
26.519728, 2566.334560
26.529705, 2591.755935
26.539683, 2608.110420
26.549660, 2611.050846
26.559637, 2596.187019
26.569615, 2563.968363
26.579592, 2517.627165
26.589569, 2472.687127
26.599546, 2432.796064
26.609524, 2392.181905
26.619501, 2352.955661
26.629478, 2315.506473
26.639456, 2276.382316
26.649433, 2245.357592
26.659410, 2241.886661
26.669388, 2291.386052
26.679365, 2405.699060
26.689342, 2570.881424
26.699320, 2761.232401
26.709297, 2939.484901
26.719274, 3087.092762
26.729252, 3193.840018
26.739229, 3261.959590
26.749206, 3284.248691
26.759184, 3264.750059
26.769161, 3212.786268
26.779138, 3139.067795
26.789116, 3058.499667
26.799093, 2978.573434
26.809070, 2902.969323
26.819048, 2837.908063
26.829025, 2776.493322
26.839002, 2714.294578
26.848980, 2626.591032
26.858957, 2493.183047
26.868934, 2321.766832
26.878912, 2132.081164
26.888889, 1946.252366
26.898866, 1776.223367
26.908844, 1612.828690
26.918821, 1457.629325
26.928798, 1319.295867
26.938776, 1197.459991
26.948753, 1091.281501
26.958730, 1002.776775
26.968707, 932.619106
26.978685, 891.308300
26.988662, 890.339664
26.998639, 926.612648
27.008617, 994.712635
27.018594, 1094.823087
27.028571, 1220.600533
27.038549, 1340.941037
27.048526, 1424.624889
27.058503, 1461.875582
27.068481, 1466.579724
27.078458, 1454.209088
27.088435, 1437.502816
27.098413, 1415.947324
27.108390, 1385.386788
27.118367, 1343.436042
27.128345, 1297.926663
27.138322, 1261.405701
27.148299, 1238.626403
27.158277, 1230.439044
27.168254, 1241.500423
27.178231, 1280.101805
27.188209, 1347.358375
27.198186, 1444.242458
27.208163, 1563.649244
27.218141, 1702.994840
27.228118, 1844.078680
27.238095, 1967.777443
27.248073, 2076.044628
27.258050, 2155.321598
27.268027, 2228.757760
27.278005, 2293.999233
27.287982, 2347.561867
27.297959, 2386.252751
27.307937, 2415.170032
27.317914, 2437.153580
27.327891, 2453.208698
27.337868, 2461.122247
27.347846, 2451.180718
27.357823, 2425.003408
27.367800, 2396.369195
27.377778, 2371.340816
27.387755, 2348.663612
27.397732, 2336.992896
27.407710, 2333.365303
27.417687, 2329.231699
27.427664, 2321.116683
27.437642, 2309.279262
27.447619, 2308.223395
27.457596, 2351.006581
27.467574, 2477.654720
27.477551, 2709.100449
27.487528, 3021.753809
27.497506, 3363.020809
27.507483, 3689.001674
27.517460, 3961.644005
27.527438, 4156.957087
27.537415, 4268.941960
27.547392, 4309.497382
27.557370, 4293.236072
27.567347, 4228.621870
27.577324, 4127.370338
27.587302, 4009.615266
27.597279, 3890.767882
27.607256, 3774.886655
27.617234, 3663.085434
27.627211, 3558.222163
27.637188, 3468.524133
27.647166, 3392.920517
27.657143, 3328.809495
27.667120, 3264.561956
27.677098, 3206.041815
27.687075, 3157.600789
27.697052, 3115.248031
27.707029, 3061.097316
27.717007, 2981.265405
27.726984, 2876.898190
27.736961, 2758.058347
27.746939, 2632.528811
27.756916, 2510.400584
27.766893, 2402.796509
27.776871, 2317.422275
27.786848, 2255.947662
27.796825, 2215.133457
27.806803, 2187.521991
27.816780, 2165.841542
27.826757, 2144.994601
27.836735, 2120.431871
27.846712, 2080.113687
27.856689, 2006.343933
27.866667, 1902.663933
27.876644, 1788.729927
27.886621, 1693.136161
27.896599, 1623.783812
27.906576, 1587.016698
27.916553, 1605.564144
27.926531, 1689.421586
27.936508, 1834.864500
27.946485, 2033.308311
27.956463, 2272.375610
27.966440, 2527.472457
27.976417, 2793.394788
27.986395, 3053.449450
27.996372, 3287.600435
28.006349, 3481.508494
28.016327, 3631.979761
28.026304, 3711.294754
28.036281, 3675.868918
28.046259, 3547.726004
28.056236, 3364.929069
28.066213, 3149.404516
28.076190, 2933.217778
28.086168, 2723.694806
28.096145, 2563.048665
28.106122, 2459.612570
28.116100, 2401.749072
28.126077, 2369.754925
28.136054, 2347.723496
28.146032, 2320.114024
28.156009, 2291.900901
28.165986, 2271.143921
28.175964, 2259.510098
28.185941, 2252.816462
28.195918, 2243.527202
28.205896, 2224.303205
28.215873, 2197.895502
28.225850, 2169.007841
28.235828, 2139.943583
28.245805, 2116.087234
28.255782, 2111.321848
28.265760, 2158.495031
28.275737, 2285.292470
28.285714, 2493.477525
28.295692, 2756.359990
28.305669, 3037.869900
28.315646, 3306.042137
28.325624, 3532.151827
28.335601, 3700.880735
28.345578, 3800.179936
28.355556, 3840.862073
28.365533, 3829.372923
28.375510, 3767.363270
28.385488, 3673.936806
28.395465, 3564.267983
28.405442, 3447.519766
28.415420, 3333.775487
28.425397, 3233.495090
28.435374, 3143.752099
28.445351, 3067.170147
28.455329, 3002.432171
28.465306, 2941.674927
28.475283, 2881.427774
28.485261, 2820.399368
28.495238, 2756.513274
28.505215, 2687.946731
28.515193, 2618.249540
28.525170, 2545.048064
28.535147, 2465.731624
28.545125, 2392.212094
28.555102, 2329.455346
28.565079, 2286.756116
28.575057, 2269.742938
28.585034, 2274.090525
28.595011, 2294.279729
28.604989, 2324.167513
28.614966, 2353.806471
28.624943, 2371.903308
28.634921, 2371.355287
28.644898, 2342.173402
28.654875, 2267.772516
28.664853, 2148.030733
28.674830, 2013.236796
28.684807, 1880.808219
28.694785, 1748.541648
28.704762, 1625.349040
28.714739, 1516.054087
28.724717, 1425.825782
28.734694, 1355.351724
28.744671, 1304.817073
28.754649, 1270.259956
28.764626, 1254.131462
28.774603, 1266.377353
28.784580, 1312.544018
28.794558, 1397.058767
28.804535, 1517.618545
28.814512, 1665.859821
28.824490, 1833.063517
28.834467, 1984.523191
28.844444, 2091.963039
28.854422, 2161.100084
28.864399, 2198.065653
28.874376, 2213.569374
28.884354, 2224.393442
28.894331, 2224.021515
28.904308, 2212.965765
28.914286, 2204.160528
28.924263, 2201.685248
28.934240, 2209.808675
28.944218, 2226.009559
28.954195, 2249.555690
28.964172, 2283.951739
28.974150, 2326.563866
28.984127, 2372.535573
28.994104, 2412.194656
29.004082, 2431.914704
29.014059, 2425.257148
29.024036, 2415.723414
29.034014, 2406.783189
29.043991, 2401.249241
29.053968, 2409.969359
29.063946, 2457.981195
29.073923, 2577.987926
29.083900, 2774.701500
29.093878, 3022.044429
29.103855, 3274.242478
29.113832, 3497.951552
29.123810, 3676.105183
29.133787, 3794.856986
29.143764, 3853.675462
29.153741, 3863.629823
29.163719, 3829.130731
29.173696, 3760.046835
29.183673, 3671.906337
29.193651, 3573.747965
29.203628, 3475.698740
29.213605, 3382.664654
29.223583, 3304.415035
29.233560, 3238.987661
29.243537, 3179.359210
29.253515, 3122.305868
29.263492, 3070.823634
29.273469, 3025.144513
29.283447, 2984.015383
29.293424, 2947.950780
29.303401, 2914.654302
29.313379, 2881.499375
29.323356, 2844.546836
29.333333, 2798.350126
29.343311, 2749.316168
29.353288, 2697.950913
29.363265, 2641.947802
29.373243, 2583.521824
29.383220, 2530.239618
29.393197, 2484.017202
29.403175, 2449.374057
29.413152, 2422.068623
29.423129, 2400.657624
29.433107, 2385.769567
29.443084, 2362.698019
29.453061, 2288.685115
29.463039, 2164.061195
29.473016, 2023.939258
29.482993, 1883.268135
29.492971, 1762.483573
29.502948, 1676.218476
29.512925, 1645.204796
29.522902, 1686.617343
29.532880, 1795.961117
29.542857, 1963.564720
29.552834, 2175.221834
29.562812, 2407.063569
29.572789, 2648.389395
29.582766, 2883.985568
29.592744, 3100.323109
29.602721, 3288.247660
29.612698, 3440.430035
29.622676, 3551.766910
29.632653, 3585.459628
29.642630, 3538.542841
29.652608, 3441.683330
29.662585, 3319.987558
29.672562, 3195.705666
29.682540, 3092.577140
29.692517, 3026.733637
29.702494, 2992.689545
29.712472, 2955.272770
29.722449, 2899.816016
29.732426, 2833.592582
29.742404, 2756.108167
29.752381, 2671.368628
29.762358, 2585.956507
29.772336, 2509.779391
29.782313, 2451.632187
29.792290, 2412.377034
29.802268, 2382.277035
29.812245, 2355.286556
29.822222, 2330.620849
29.832200, 2308.694817
29.842177, 2290.783895
29.852154, 2289.854806
29.862132, 2330.311141
29.872109, 2436.659903
29.882086, 2609.139206
29.892063, 2832.641179
29.902041, 3076.633137
29.912018, 3313.060321
29.921995, 3509.157078
29.931973, 3638.912115
29.941950, 3719.199959
29.951927, 3755.544110
29.961905, 3747.452871
29.971882, 3707.580785
29.981859, 3650.495190
29.991837, 3585.369864
30.001814, 3521.110551
30.011791, 3460.891213
30.021769, 3402.979344
30.031746, 3343.637800
30.041723, 3280.474311
30.051701, 3209.524954
30.061678, 3135.762880
30.071655, 3067.715883
30.081633, 3009.515879
30.091610, 2963.899113
30.101587, 2926.150332
30.111565, 2893.590594
30.121542, 2865.044331
30.131519, 2837.545329
30.141497, 2804.235029
30.151474, 2760.097762
30.161451, 2710.936585
30.171429, 2660.899270
30.181406, 2613.428006
30.191383, 2576.037006
30.201361, 2551.585628
30.211338, 2528.595375
30.221315, 2502.025757
30.231293, 2470.079732
30.241270, 2415.695277
30.251247, 2292.753352
30.261224, 2108.101171
30.271202, 1910.946538
30.281179, 1735.172220
30.291156, 1593.943987
30.301134, 1482.969776
30.311111, 1396.374483
30.321088, 1329.990074
30.331066, 1280.219617
30.341043, 1246.985237
30.351020, 1230.346894
30.360998, 1227.642873
30.370975, 1245.109271
30.380952, 1288.554477
30.390930, 1364.768901
30.400907, 1472.812259
30.410884, 1600.733365
30.420862, 1745.612268
30.430839, 1875.075883
30.440816, 1961.923343
30.450794, 2023.033136
30.460771, 2072.287981
30.470748, 2096.311018
30.480726, 2119.552900
30.490703, 2135.434806
30.500680, 2138.116038
30.510658, 2140.436966
30.520635, 2142.365926
30.530612, 2141.245090
30.540590, 2136.578828
30.550567, 2129.355774
30.560544, 2123.941661
30.570522, 2124.850255
30.580499, 2133.768661
30.590476, 2145.752340
30.600454, 2154.136827
30.610431, 2149.643911
30.620408, 2144.433822
30.630385, 2139.059937
30.640363, 2129.199461
30.650340, 2126.960920
30.660317, 2159.666880
30.670295, 2263.488283
30.680272, 2450.673813
30.690249, 2701.641513
30.700227, 2986.450795
30.710204, 3271.278735
30.720181, 3522.263022
30.730159, 3710.390741
30.740136, 3827.728771
30.750113, 3889.165639
30.760091, 3895.852938
30.770068, 3861.707801
30.780045, 3790.219823
30.790023, 3694.288288
30.800000, 3587.917416
30.809977, 3480.052689
30.819955, 3384.985719
30.829932, 3297.000203
30.839909, 3220.274142
30.849887, 3155.330247
30.859864, 3099.363387
30.869841, 3053.288640
30.879819, 3010.703309
30.889796, 2979.277074
30.899773, 2958.335676
30.909751, 2937.302402
30.919728, 2906.660168
30.929705, 2868.380881
30.939683, 2823.181790
30.949660, 2766.850983
30.959637, 2701.762364
30.969615, 2632.969105
30.979592, 2568.703766
30.989569, 2517.220785
30.999546, 2478.221365
31.009524, 2446.964107
31.019501, 2422.285985
31.029478, 2402.533044
31.039456, 2383.128134
31.049433, 2342.598178
31.059410, 2285.870908
31.069388, 2228.324923
31.079365, 2159.014563
31.089342, 2081.393750
31.099320, 1994.129887
31.109297, 1913.892273
31.119274, 1863.775263
31.129252, 1869.208732
31.139229, 1948.410811
31.149206, 2097.156733
31.159184, 2302.109209
31.169161, 2545.525378
31.179138, 2807.592206
31.189116, 3062.617035
31.199093, 3292.408237
31.209070, 3485.227274
31.219048, 3639.591276
31.229025, 3727.213437
31.239002, 3712.653508
31.248980, 3606.144245
31.258957, 3428.884877
31.268934, 3215.504538
31.278912, 2993.179338
31.288889, 2799.860681
31.298866, 2649.523238
31.308844, 2533.236870
31.318821, 2435.892856
31.328798, 2353.104401
31.338776, 2283.330554
31.348753, 2224.253972
31.358730, 2168.658387
31.368707, 2122.487046
31.378685, 2089.076272
31.388662, 2068.566847
31.398639, 2057.182568
31.408617, 2053.731645
31.418594, 2055.110532
31.428571, 2053.868273
31.438549, 2027.534312
31.448526, 1954.228224
31.458503, 1825.087483
31.468481, 1658.923161
31.478458, 1491.905814
31.488435, 1344.064663
31.498413, 1225.867152
31.508390, 1137.185555
31.518367, 1077.007648
31.528345, 1039.035200
31.538322, 1020.706211
31.548299, 1018.092892
31.558277, 1023.367937
31.568254, 1033.929501
31.578231, 1051.173065
31.588209, 1075.004620
31.598186, 1104.684380
31.608163, 1142.769766
31.618141, 1201.391103
31.628118, 1300.887617
31.638095, 1431.587949
31.648073, 1533.498958
31.658050, 1572.915843
31.668027, 1573.231495
31.678005, 1543.169858
31.687982, 1510.647704
31.697959, 1488.548215
31.707937, 1492.510669
31.717914, 1530.272549
31.727891, 1591.164733
31.737868, 1660.588140
31.747846, 1727.142588
31.757823, 1779.545757
31.767800, 1807.510390
31.777778, 1804.162176
31.787755, 1774.706903
31.797732, 1726.358915
31.807710, 1663.218571
31.817687, 1595.740865
31.827664, 1547.512019
31.837642, 1518.152291
31.847619, 1503.358008
31.857596, 1491.719020
31.867574, 1472.790961
31.877551, 1451.778326
31.887528, 1434.216028
31.897506, 1426.067082
31.907483, 1428.852320
31.917460, 1445.514219
31.927438, 1486.683202
31.937415, 1564.427825
31.947392, 1692.630183
31.957370, 1879.050683
31.967347, 2108.183283
31.977324, 2352.234663
31.987302, 2576.671265
31.997279, 2739.742618
32.007256, 2832.740637
32.017234, 2864.941230
32.027211, 2867.616040
32.037188, 2861.907555
32.047166, 2850.755760
32.057143, 2840.187511
32.067120, 2824.661723
32.077098, 2810.589719
32.087075, 2828.556574
32.097052, 2887.936975
32.107029, 2963.067001
32.117007, 3040.744930
32.126984, 3113.668804
32.136961, 3182.525207
32.146939, 3240.757028
32.156916, 3285.982313
32.166893, 3320.690932
32.176871, 3348.973163
32.186848, 3377.794112
32.196825, 3405.521548
32.206803, 3426.690783
32.216780, 3437.084783
32.226757, 3440.640369
32.236735, 3428.097846
32.246712, 3377.197022
32.256689, 3289.184170
32.266667, 3178.214558
32.276644, 3060.898429
32.286621, 2966.923941
32.296599, 2922.622596
32.306576, 2904.948516
32.316553, 2893.683100
32.326531, 2875.993906
32.336508, 2846.454099
32.346485, 2806.382516
32.356463, 2767.317666
32.366440, 2737.222815
32.376417, 2714.616461
32.386395, 2700.480590
32.396372, 2698.615494
32.406349, 2701.455226
32.416327, 2706.336625
32.426304, 2705.586702
32.436281, 2703.711197
32.446259, 2700.274533
32.456236, 2698.573581
32.466213, 2701.878421
32.476190, 2715.469982
32.486168, 2732.520067
32.496145, 2745.575761
32.506122, 2749.136167
32.516100, 2736.364726
32.526077, 2713.514365
32.536054, 2685.575205
32.546032, 2657.486044
32.556009, 2628.753936
32.565986, 2601.761701
32.575964, 2580.684556
32.585941, 2568.966941
32.595918, 2561.730334
32.605896, 2552.715380
32.615873, 2538.869256
32.625850, 2525.289107
32.635828, 2516.756135
32.645805, 2485.709627
32.655782, 2410.203258
32.665760, 2286.464600
32.675737, 2142.238442
32.685714, 1995.169156
32.695692, 1856.407504
32.705669, 1752.520445
32.715646, 1708.790201
32.725624, 1739.869274
32.735601, 1846.984436
32.745578, 2019.744379
32.755556, 2236.536830
32.765533, 2479.819796
32.775510, 2737.934870
32.785488, 2993.379693
32.795465, 3228.664414
32.805442, 3427.991483
32.815420, 3584.642611
32.825397, 3678.833426
32.835374, 3642.563381
32.845351, 3494.314696
32.855329, 3293.085460
32.865306, 3056.249509
32.875283, 2845.561213
32.885261, 2689.639287
32.895238, 2592.530602
32.905215, 2545.822025
32.915193, 2529.443510
32.925170, 2528.402055
32.935147, 2528.343995
32.945125, 2516.688204
32.955102, 2486.953920
32.965079, 2439.626046
32.975057, 2386.361312
32.985034, 2335.115801
32.995011, 2294.009303
33.004989, 2261.687837
33.014966, 2230.654592
33.024943, 2202.477887
33.034921, 2178.531678
33.044898, 2162.466419
33.054875, 2171.793660
33.064853, 2242.824748
33.074830, 2403.436941
33.084807, 2630.506759
33.094785, 2881.856907
33.104762, 3119.960247
33.114739, 3324.697010
33.124717, 3484.710741
33.134694, 3582.777963
33.144671, 3625.996347
33.154649, 3619.132113
33.164626, 3565.476723
33.174603, 3477.638223
33.184580, 3373.197059
33.194558, 3266.743739
33.204535, 3167.540973
33.214512, 3081.145023
33.224490, 3004.547374
33.234467, 2926.864060
33.244444, 2853.447819
33.254422, 2780.297821
33.264399, 2697.293702
33.274376, 2610.594676
33.284354, 2533.806009
33.294331, 2476.806174
33.304308, 2435.799127
33.314286, 2409.278510
33.324263, 2389.466256
33.334240, 2368.950338
33.344218, 2345.548770
33.354195, 2315.081186
33.364172, 2282.648424
33.374150, 2256.465904
33.384127, 2233.101884
33.394104, 2214.744323
33.404082, 2194.645970
33.414059, 2183.443458
33.424036, 2190.489534
33.434014, 2213.325369
33.443991, 2228.103468
33.453968, 2210.041103
33.463946, 2142.294045
33.473923, 2040.219056
33.483900, 1923.261988
33.493878, 1811.430364
33.503855, 1702.658820
33.513832, 1600.677645
33.523810, 1515.734176
33.533787, 1453.056490
33.543764, 1414.848839
33.553741, 1407.854772
33.563719, 1429.739907
33.573696, 1490.133350
33.583673, 1588.628923
33.593651, 1716.411058
33.603628, 1863.321607
33.613605, 2013.438613
33.623583, 2172.194054
33.633560, 2306.722417
33.643537, 2393.798564
33.653515, 2438.638291
33.663492, 2461.070270
33.673469, 2478.851917
33.683447, 2498.049553
33.693424, 2520.214457
33.703401, 2542.876029
33.713379, 2566.032789
33.723356, 2583.927424
33.733333, 2594.197779
33.743311, 2588.911335
33.753288, 2562.434717
33.763265, 2525.567971
33.773243, 2491.171978
33.783220, 2469.893261
33.793197, 2466.124322
33.803175, 2481.841765
33.813152, 2508.746520
33.823129, 2537.926596
33.833107, 2548.658246
33.843084, 2549.609115
33.853061, 2552.086949
33.863039, 2577.051257
33.873016, 2655.563901
33.882993, 2796.138913
33.892971, 2976.327051
33.902948, 3157.819007
33.912925, 3313.275774
33.922902, 3428.710267
33.932880, 3493.558170
33.942857, 3510.472202
33.952834, 3486.366908
33.962812, 3429.244844
33.972789, 3347.964745
33.982766, 3253.992021
33.992744, 3155.702612
34.002721, 3060.283704
34.012698, 2970.494508
34.022676, 2890.745193
34.032653, 2816.381328
34.042630, 2739.085788
34.052608, 2662.395326
34.062585, 2588.340382
34.072562, 2517.078694
34.082540, 2457.402994
34.092517, 2418.033534
34.102494, 2396.500905
34.112472, 2385.274197
34.122449, 2375.037569
34.132426, 2365.218198
34.142404, 2360.385861
34.152381, 2357.199158
34.162358, 2350.093009
34.172336, 2336.182765
34.182313, 2315.389097
34.192290, 2296.324430
34.202268, 2277.715020
34.212245, 2260.251071
34.222222, 2248.113373
34.232200, 2239.988756
34.242177, 2220.909443
34.252154, 2168.323702
34.262132, 2081.921186
34.272109, 1982.897730
34.282086, 1888.334215
34.292063, 1800.968811
34.302041, 1729.508382
34.312018, 1695.715830
34.321995, 1718.511003
34.331973, 1809.203243
34.341950, 1962.790675
34.351927, 2175.981618
34.361905, 2417.754480
34.371882, 2679.316261
34.381859, 2939.952698
34.391837, 3183.402459
34.401814, 3395.781371
34.411791, 3570.152416
34.421769, 3710.876309
34.431746, 3776.445103
34.441723, 3732.096110
34.451701, 3593.546875
34.461678, 3399.695436
34.471655, 3180.769705
34.481633, 2990.304459
34.491610, 2852.586547
34.501587, 2771.457180
34.511565, 2734.350929
34.521542, 2723.492849
34.531519, 2721.683566
34.541497, 2717.341855
34.551474, 2693.742654
34.561451, 2650.669346
34.571429, 2597.762517
34.581406, 2540.822264
34.591383, 2488.061941
34.601361, 2447.704975
34.611338, 2420.080335
34.621315, 2396.645666
34.631293, 2373.849419
34.641270, 2357.576203
34.651247, 2359.931269
34.661224, 2425.757284
34.671202, 2595.161546
34.681179, 2845.678542
34.691156, 3114.277165
34.701134, 3360.683801
34.711111, 3556.809517
34.721088, 3677.991167
34.731066, 3724.639963
34.741043, 3701.983119
34.751020, 3624.952460
34.760998, 3518.631227
34.770975, 3404.371933
34.780952, 3294.068656
34.790930, 3192.912493
34.800907, 3097.660747
34.810884, 3013.238759
34.820862, 2943.073038
34.830839, 2883.730353
34.840816, 2828.004594
34.850794, 2762.915372
34.860771, 2687.016440
34.870748, 2606.865952
34.880726, 2529.730154
34.890703, 2460.804298
34.900680, 2397.628514
34.910658, 2338.074476
34.920635, 2294.029006
34.930612, 2267.642897
34.940590, 2252.976437
34.950567, 2248.457280
34.960544, 2253.533453
34.970522, 2268.432852
34.980499, 2292.076936
34.990476, 2320.325246
35.000454, 2344.222853
35.010431, 2360.543840
35.020408, 2372.550688
35.030385, 2385.496263
35.040363, 2393.260536
35.050340, 2369.243369
35.060317, 2292.248623
35.070295, 2181.409373
35.080272, 2057.336677
35.090249, 1932.948706
35.100227, 1809.798018
35.110204, 1698.870153
35.120181, 1602.012822
35.130159, 1520.783049
35.140136, 1460.129164
35.150113, 1424.585458
35.160091, 1412.653922
35.170068, 1432.257391
35.180045, 1489.654237
35.190023, 1577.903003
35.200000, 1686.464466
35.209977, 1808.454272
35.219955, 1943.587146
35.229932, 2072.123455
35.239909, 2174.211009
35.249887, 2260.910458
35.259864, 2338.763010
35.269841, 2414.539297
35.279819, 2486.742943
35.289796, 2548.632370
35.299773, 2599.171583
35.309751, 2640.672063
35.319728, 2673.451039
35.329705, 2698.114531
35.339683, 2709.220644
35.349660, 2705.305372
35.359637, 2686.214543
35.369615, 2655.155719
35.379592, 2619.517430
35.389569, 2584.896802
35.399546, 2554.831502
35.409524, 2529.236969
35.419501, 2508.083780
35.429478, 2483.531391
35.439456, 2455.007707
35.449433, 2432.688312
35.459410, 2441.006694
35.469388, 2500.554961
35.479365, 2621.348974
35.489342, 2790.210650
35.499320, 2984.757165
35.509297, 3187.107118
35.519274, 3376.413843
35.529252, 3534.382640
35.539229, 3645.730678
35.549206, 3717.480872
35.559184, 3762.491948
35.569161, 3783.517848
35.579138, 3786.500876
35.589116, 3777.790628
35.599093, 3757.901877
35.609070, 3728.813629
35.619048, 3688.696344
35.629025, 3641.331839
35.639002, 3585.765918
35.648980, 3523.047764
35.658957, 3453.414412
35.668934, 3382.608589
35.678912, 3318.171707
35.688889, 3261.523218
35.698866, 3210.632924
35.708844, 3151.289746
35.718821, 3075.796043
35.728798, 2977.595276
35.738776, 2874.299596
35.748753, 2766.467865
35.758730, 2654.959120
35.768707, 2546.407152
35.778685, 2446.981313
35.788662, 2367.533153
35.798639, 2310.532979
35.808617, 2274.990068
35.818594, 2254.284940
35.828571, 2243.911426
35.838549, 2227.272703
35.848526, 2152.210443
35.858503, 2014.997932
35.868481, 1872.382123
35.878458, 1748.559628
35.888435, 1648.504773
35.898413, 1576.940494
35.908390, 1548.899239
35.918367, 1576.874683
35.928345, 1666.138740
35.938322, 1816.401780
35.948299, 2018.499642
35.958277, 2254.353848
35.968254, 2502.263223
35.978231, 2755.917047
35.988209, 2995.476525
35.998186, 3210.988567
36.008163, 3389.698033
36.018141, 3533.573144
36.028118, 3625.228252
36.038095, 3626.819125
36.048073, 3540.123851
36.058050, 3391.101536
36.068027, 3219.366843
36.078005, 3063.311913
36.087982, 2950.431843
36.097959, 2888.695509
36.107937, 2867.079483
36.117914, 2865.400658
36.127891, 2864.201542
36.137868, 2855.494021
36.147846, 2824.652875
36.157823, 2774.230644
36.167800, 2711.287419
36.177778, 2648.775895
36.187755, 2596.834644
36.197732, 2562.112512
36.207710, 2541.763607
36.217687, 2523.139269
36.227664, 2504.236724
36.237642, 2484.035228
36.247619, 2471.927906
36.257596, 2470.297754
36.267574, 2498.403413
36.277551, 2565.613866
36.287528, 2664.767482
36.297506, 2782.873090
36.307483, 2899.243367
36.317460, 2999.210267
36.327438, 3073.762130
36.337415, 3122.890527
36.347392, 3150.855607
36.357370, 3155.245981
36.367347, 3136.694401
36.377324, 3090.353463
36.387302, 3021.318346
36.397279, 2942.740330
36.407256, 2865.858214
36.417234, 2798.942613
36.427211, 2745.177553
36.437188, 2701.768101
36.447166, 2662.701161
36.457143, 2614.166291
36.467120, 2553.643902
36.477098, 2495.689445
36.487075, 2454.053935
36.497052, 2433.109099
36.507029, 2426.785215
36.517007, 2425.800350
36.526984, 2422.540426
36.536961, 2408.750923
36.546939, 2383.162121
36.556916, 2350.231281
36.566893, 2315.141121
36.576871, 2278.848721
36.586848, 2241.454780
36.596825, 2205.538395
36.606803, 2172.455119
36.616780, 2142.797378
36.626757, 2116.096073
36.636735, 2082.071260
36.646712, 2005.140545
36.656689, 1872.106999
36.666667, 1715.333966
36.676644, 1581.858129
36.686621, 1485.736401
36.696599, 1409.917109
36.706576, 1349.182979
36.716553, 1301.381567
36.726531, 1263.036455
36.736508, 1233.922161
36.746485, 1216.601876
36.756463, 1212.541998
36.766440, 1221.767890
36.776417, 1253.804805
36.786395, 1313.939680
36.796372, 1406.939841
36.806349, 1528.620101
36.816327, 1672.101188
36.826304, 1819.310589
36.836281, 1932.596039
36.846259, 2012.061174
36.856236, 2085.944475
36.866213, 2159.082571
36.876190, 2232.862125
36.886168, 2306.023449
36.896145, 2375.425663
36.906122, 2435.989265
36.916100, 2486.657838
36.926077, 2519.950761
36.936054, 2536.140904
36.946032, 2533.175608
36.956009, 2511.967027
36.965986, 2482.280544
36.975964, 2456.097709
36.985941, 2438.323172
36.995918, 2431.809507
37.005896, 2430.070772
37.015873, 2436.401478
37.025850, 2449.385960
37.035828, 2466.891003
37.045805, 2484.330819
37.055782, 2504.789997
37.065760, 2550.311423
37.075737, 2631.693951
37.085714, 2750.536150
37.095692, 2885.017708
37.105669, 3018.663506
37.115646, 3139.727805
37.125624, 3238.155559
37.135601, 3308.627412
37.145578, 3352.388758
37.155556, 3368.567391
37.165533, 3342.545309
37.175510, 3282.428395
37.185488, 3199.648635
37.195465, 3099.446520
37.205442, 2998.103910
37.215420, 2903.075606
37.225397, 2822.308763
37.235374, 2754.534498
37.245351, 2691.509955
37.255329, 2620.672727
37.265306, 2548.537236
37.275283, 2482.527726
37.285261, 2431.863986
37.295238, 2398.549130
37.305215, 2381.388264
37.315193, 2376.725675
37.325170, 2378.336478
37.335147, 2378.796599
37.345125, 2378.363233
37.355102, 2372.063866
37.365079, 2352.920210
37.375057, 2328.773770
37.385034, 2304.356557
37.395011, 2280.159272
37.404989, 2250.502825
37.414966, 2226.732151
37.424943, 2215.015375
37.434921, 2213.756187
37.444898, 2213.060817
37.454875, 2176.026631
37.464853, 2097.847079
37.474830, 2011.528074
37.484807, 1923.337502
37.494785, 1838.441045
37.504762, 1767.416454
37.514739, 1734.836390
37.524717, 1761.790405
37.534694, 1856.134012
37.544671, 2008.795934
37.554649, 2210.406247
37.564626, 2432.732701
37.574603, 2668.478101
37.584580, 2896.992985
37.594558, 3112.399614
37.604535, 3294.662022
37.614512, 3439.000792
37.624490, 3537.978306
37.634467, 3576.052703
37.644444, 3550.201609
37.654422, 3477.364453
37.664399, 3375.898612
37.674376, 3264.077177
37.684354, 3171.771081
37.694331, 3118.256471
37.704308, 3106.524688
37.714286, 3126.703934
37.724263, 3152.224631
37.734240, 3170.281924
37.744218, 3174.153177
37.754195, 3162.413534
37.764172, 3137.803517
37.774150, 3101.216220
37.784127, 3060.802160
37.794104, 3027.613961
37.804082, 3001.342304
37.814059, 2979.701157
37.824036, 2964.404027
37.834014, 2953.437556
37.843991, 2952.881015
37.853968, 2980.549550
37.863946, 3041.707269
37.873923, 3134.097676
37.883900, 3237.256320
37.893878, 3323.723660
37.903855, 3383.082515
37.913832, 3406.563985
37.923810, 3393.964388
37.933787, 3363.330318
37.943764, 3325.837834
37.953741, 3286.301109
37.963719, 3243.552941
37.973696, 3194.089168
37.983673, 3137.792926
37.993651, 3080.677547
38.003628, 3031.300293
38.013605, 2983.653954
38.023583, 2927.607365
38.033560, 2860.513708
38.043537, 2789.827939
38.053515, 2711.252849
38.063492, 2610.825704
38.073469, 2491.069609
38.083447, 2370.255627
38.093424, 2268.260054
38.103401, 2191.414403
38.113379, 2132.027322
38.123356, 2091.644740
38.133333, 2069.716931
38.143311, 2055.563366
38.153288, 2045.656540
38.163265, 2043.799996
38.173243, 2050.831775
38.183220, 2063.988215
38.193197, 2070.044624
38.203175, 2056.892664
38.213152, 2036.722658
38.223129, 2020.625393
38.233107, 2010.348820
38.243084, 2002.314496
38.253061, 1990.827692
38.263039, 1964.253993
